battery_id,cycle,soh,capacity,v_mean,v_std,v_min,v_max,v_drop,i_mean,i_std,i_skew,i_kurt,temp_mean,temp_max,duration
B0005,1,0.9282437104090788,1.8564874208181577,3.5298286688693397,0.2365582361664672,2.612467347907089,4.191491807505295,1.5790244595982057,-1.8187019641679727,0.5950584036965106,2.734051143682144,5.475108475688305,32.572328114029,38.98218133148803,3690.234
B0005,2,0.9231636248599635,1.846327249719927,3.5373201277859714,0.2353661208702504,2.587208728940726,4.189773213846608,1.6025644849058818,-1.8175598506612867,0.5967037718608691,2.7245215286961075,5.423096368833329,32.72523522519307,39.033397966787035,3672.344
B0005,3,0.9176745971117038,1.8353491942234077,3.5437367282719,0.22811108752216303,2.6519168938437794,4.188186735991303,1.536269842147524,-1.8164865418840956,0.598033410427442,2.7149496393438644,5.371035876320883,32.64286193755933,38.81879668981741,3651.641
B0005,4,0.9176312637910564,1.8352625275821128,3.5436661072601456,0.2333465027689954,2.592947964776547,4.188461118855572,1.5955131540790246,-1.8255891938692528,0.5849720920767387,2.8071131251702597,5.879963334938754,32.51487646204882,38.7623045063458,3631.563
B0005,5,0.917322754106021,1.834645508212042,3.5423432526672167,0.2373009622577082,2.547419651124539,4.188298524761055,1.6408788736365159,-1.8261139590277586,0.5849781734923365,2.807115806672295,5.879991351743723,32.38234901543077,38.66539257343368,3629.172
B0005,6,0.9178308300337747,1.8356616600675495,3.5413347346347575,0.23993226167114742,2.5209480504077413,4.188815807948604,1.6678677575408627,-1.8168108743168803,0.5982374845560282,2.714959484272823,5.371073737001334,32.43418218230641,38.75169504640032,3652.281
B0005,7,0.9175730714613302,1.8351461429226603,3.5410250495075215,0.24313957024653737,2.487927319492314,4.18839163793879,1.700464318446476,-1.816791144707133,0.598027293280686,2.7149571764000573,5.3710593356563106,32.480416444757985,38.8207012322275,3650.828
B0005,8,0.9128783952832767,1.8257567905665535,3.554133296801584,0.22790991675130146,2.6652049047458775,4.188927891511958,1.5237229867660806,-1.8443412120754061,0.5588480400785012,3.0047856635561785,7.028839922204265,32.41046186109587,38.51713023385634,3572.453
B0005,9,0.9123869264945667,1.8247738529891333,3.5529355991467955,0.23306799549076238,2.6038584726333673,4.189029250882121,1.5851707782487536,-1.853972745505648,0.5439173113548029,3.122835760052888,7.752253502780496,32.3461408313,38.526267904657,3550.594
B0005,10,0.912306634248468,1.824613268496936,3.5512057319376997,0.23735414167102423,2.552853984885676,4.189223427076418,1.636369442190742,-1.8535899338510957,0.5437675433297862,3.1228513212198843,7.752313248531509,32.27679750791685,38.52698128472781,3551.25
B0005,11,0.9123097763432252,1.8246195526864504,3.549292319740949,0.24374302251465718,2.4724483018527317,4.188916055911241,1.7164677540585092,-1.863380178294828,0.5281400480827111,3.252657686755484,8.57989275835113,32.15709350345252,38.54143406601644,3530.25
B0005,12,0.9071009678836958,1.8142019357673915,3.559759220648976,0.22947624709797798,2.64956413267546,4.189876247266316,1.5403121145908556,-1.872968810287894,0.5130716590837109,3.3851178697111495,9.459159073847202,32.36407129853099,38.52197451768004,3491.016
B0005,13,0.9068760788774528,1.8137521577549056,3.558081969139198,0.23524097823363493,2.5724981777366227,4.189286794768804,1.616788617032181,-1.8826095043160833,0.4956165132448093,3.5452227650298473,10.568758582297221,32.3181954403762,38.582485834057856,3470.281
B0005,14,0.9067202457367912,1.8134404914735824,3.555692244172496,0.23855345527869287,2.5249886697730286,4.188837765892728,1.6638490961196997,-1.882536787636365,0.4956211462224087,3.5452331470780845,10.568806434470934,32.15709029211503,38.520294134873915,3470.0
B0005,15,0.9012990018153252,1.8025980036306504,3.562746818017503,0.22453375718322333,2.694621861688723,4.189110301768517,1.494488440079794,-1.8817935155260215,0.49675893020691225,3.5334964106447244,10.485778330511227,32.04407000314609,38.21358592965045,3450.297
B0005,16,0.901053450123075,1.80210690024615,3.5614521756489204,0.22859181141516383,2.64010141737067,4.18921207304098,1.5491106556703098,-1.8921861285036712,0.4783175942794848,3.713547495342001,11.790630681738806,31.931593674911532,38.1983618706913,3429.407
B0005,17,0.9012897504131046,1.802579500826209,3.5603420474985823,0.2336151721811594,2.573903509838096,4.188899969428112,1.6149964595900164,-1.9027629207037406,0.4583670956269601,3.918846372623093,13.357550228520573,31.941655359029298,38.31926916027133,3409.484
B0005,18,0.9015341571417048,1.8030683142834096,3.5591189041401865,0.2393950232986541,2.4942396831720126,4.188779799856791,1.6945401166847782,-1.9133470605822436,0.43709670101645964,4.156144635346413,15.273819658940493,31.965008645476725,38.4787542519308,3390.422
B0005,19,0.901388812359802,1.802777624719604,3.557886771846508,0.2421163852190816,2.4556793246645583,4.189272591516219,1.7335932668516607,-1.9131602105481538,0.43739375219380805,4.156134726774992,15.273779390520438,31.966241678512723,38.54659017774874,3390.281
B0005,20,0.9235129974664597,1.8470259949329193,3.5520375235511907,0.23477782948432765,2.632142800798914,4.187614060563439,1.5554712597645248,-1.8553455745575975,0.5414698544768105,3.1439507240766265,7.884590654833945,32.37143341978575,38.44749852224995,3591.734
B0005,21,0.923708655641822,1.847417311283644,3.5525668436897124,0.2448173475304705,2.5027764692056795,4.1876287811083985,1.684852311902719,-1.8746995273150975,0.5092300236214019,3.418846536366439,9.688652918417992,32.70024990461686,38.992275791716615,3552.297
B0005,22,0.9180887106739474,1.8361774213478947,3.556794038327039,0.23373891268927044,2.617507742871704,4.187447226312926,1.5699394834412224,-1.8738272127883846,0.5103730187309344,3.4076453767339436,9.612176910073666,32.32266411829938,38.51424197364312,3531.578
B0005,23,0.912890373788812,1.825780747577624,3.5614100044534203,0.22544994683917527,2.694074478000972,4.187344026387161,1.493269548386189,-1.883193546754683,0.4943730360583862,3.5569074424215588,10.651746289425233,31.98795810666763,38.165816144899125,3492.907
B0005,24,0.9125568217539184,1.8251136435078368,3.5566107947817986,0.23129045070961007,2.6237674644021887,4.187438187636325,1.5636707232341367,-1.873239184822504,0.5118130466075484,3.3964036564865943,9.535693017822616,31.894456524691385,38.16526203587147,3511.594
B0005,25,0.912790752110188,1.825581504220376,3.5586742170266272,0.23910922447932814,2.5010798299873738,4.18774138117799,1.6866615511906167,-1.9139593751505897,0.43486489663084726,4.182740269881481,15.4955661422077,31.78039681801023,38.27549578575718,3431.937000000006
B0005,26,0.9070155637541955,1.814031127508391,3.564103182686905,0.2243233017803934,2.6849988185249796,4.188261122540052,1.503262304015072,-1.9030532722310995,0.4573362383960383,3.931551768919657,13.457275616644484,31.688747146342205,37.982160799183106,3431.125
B0005,27,0.907384597057947,1.814769194115894,3.559588063594272,0.23463255580240508,2.547109116468133,4.187338767288234,1.640229650820101,-1.9134590742247914,0.43606619958029547,4.169391989359729,15.384315455742609,31.596747992569153,38.11100191887773,3412.406
B0005,28,0.906984694355176,1.813969388710352,3.556833231052199,0.24012901309651455,2.471314764334132,4.187560306288175,1.7162455419540428,-1.913620909902553,0.4361071320744154,4.169471349207864,15.384738224352194,31.565586498787077,38.18831137948753,3410.688
B0005,29,0.9013828325839115,1.802765665167823,3.5624410850948944,0.22531026238437576,2.6613903306108773,4.18805176248713,1.5266614318762528,-1.9025819745719061,0.45861118124673544,3.9188189861165634,13.357432684651517,31.59124667045208,37.99854111908584,3410.718
B0005,30,0.902038520058676,1.804077040117352,3.5591407106855666,0.23438290818377094,2.541762355407921,4.187667484260542,1.645905128852621,-1.9130621638638965,0.4374122485698811,4.1561633957667405,15.273910187555458,31.603485399391182,38.194201649765226,3392.719
B0005,31,0.9259012758352244,1.8518025516704488,3.5573161327793144,0.2247833797121464,2.628919415830567,4.2010701773378685,1.5721507615073014,-1.920618117118412,0.4210961516440683,4.344054816858624,16.871101795752622,31.91556385491565,38.45796400011448,3470.672
B0005,32,0.9153519228369714,1.8307038456739428,3.561870782772737,0.2235720445769139,2.6312552691827045,4.1996223345495824,1.568367065366878,-1.9298830859597569,0.3998423776454544,4.623304643944558,19.37541745752694,32.081128118597164,38.49126351534004,3414.109
B0005,33,0.9099520544750634,1.8199041089501269,3.5617586337260088,0.2213510620234656,2.654880745360911,4.199853323702163,1.5449725783412518,-1.9293005284805407,0.40083773658767985,4.608907796826211,19.2424614748479,31.849792632896243,38.31473393357882,3395.219
B0005,34,0.9046539818514258,1.8093079637028515,3.5597307651083123,0.21927532436509642,2.6749688422803803,4.199103467081427,1.5241346248010466,-1.923330987770314,0.4140883105105742,4.4351452862776535,17.670793982507064,31.465690433362017,37.861934640176806,3386.0
B0005,35,0.90230495229026,1.80460990458052,3.5575937553540915,0.22395378711031538,2.6159705726789904,4.199998536865001,1.5840279641860109,-1.9284469980320087,0.40250038264104065,4.587244107704067,19.04315873800911,31.40934895665031,37.90665575786083,3368.187
B0005,36,0.8996885325986096,1.7993770651972192,3.5597237883937995,0.22098018003853442,2.658447162110498,4.19967522099872,1.5412280588882217,-1.9231439161693824,0.41507740963490697,4.421050093719136,17.54600991553749,31.902247475518077,38.34003238560517,3368.266
B0005,37,0.8942216167685231,1.7884432335370462,3.559061771422033,0.21771514337644682,2.6979426084271156,4.1991847248803165,1.5012421164532008,-1.9170149640438081,0.4278867142297781,4.262252169503127,16.167034625282888,31.649024294808623,38.0745950590744,3358.719
B0005,38,0.8914615242126362,1.7829230484252725,3.557015527748059,0.22052028075457983,2.6617272246516333,4.200012480335,1.538285255683367,-1.922048805055383,0.4167099351187296,4.399864105625852,17.359057332811272,31.48874626238971,38.07252758016199,3339.5
B0005,39,0.8865168579009144,1.7730337158018288,3.5562481933590964,0.2174209016772112,2.699288287625812,4.1992373656547874,1.4999490780289753,-1.9162302821549877,0.42954137473705156,4.241548314541806,15.99098701147993,31.329995610092634,37.80133585100446,3331.265
B0005,40,0.8865188775394685,1.773037755078937,3.5532756526091784,0.2245262348102152,2.6127932408838532,4.1993957811187075,1.5866025402348543,-1.9220800182578983,0.4178785715198085,4.38564191294775,17.234225184371628,31.569551201845574,38.39873985476869,3321.188
B0005,41,0.8839360553331027,1.7678721106662054,3.556266431640255,0.22096742761745108,2.6637064901468075,4.1995786980260705,1.535872207879263,-1.9162417890311958,0.4301544929609481,4.234607513226272,15.932202894038944,32.111426258867944,38.74929237918251,3321.844
B0005,42,0.8811575352046545,1.762315070409309,3.5563095420140822,0.22117733910818724,2.6668454289754746,4.199546957512695,1.53270152853722,-1.9158809823517762,0.4307955266789468,4.227686318520829,15.873595996188438,32.271676011112376,38.87275464755104,3311.828
B0005,43,0.8838086462469223,1.7676172924938447,3.558950851054106,0.22550794469395655,2.684431051981017,4.194091469340824,1.5096604173598074,-1.9114406265753041,0.44067375045589385,4.1159826952648695,14.941528089805072,31.842291659678658,38.503541429116005,3327.391
B0005,44,0.8813341798715735,1.762668359743147,3.5534418211598053,0.22294960528931845,2.645224362345869,4.200715235801255,1.5554908734553856,-1.9158166997544155,0.4305939836666455,4.227661420200562,15.873477110451901,31.759815453754253,38.27009094548294,3312.078
B0005,45,0.8758652435332072,1.7517304870664143,3.5510121537420285,0.22162013542434292,2.6603527244917,4.1990980807180325,1.5387453562263325,-1.9151304155635374,0.43165148192287134,4.213787432561931,15.756247731387912,31.41911167391793,38.11684755251712,3293.172
B0005,46,0.8709248023980004,1.7418496047960008,3.551317608213948,0.21932074696010626,2.6926849789916263,4.199398534411534,1.5067135554199078,-1.9148485784393638,0.4329328203091831,4.199842286512553,15.638925488356236,31.331626572312267,38.04152715355532,3275.328
B0005,47,0.8680456755923569,1.7360913511847138,3.549003180550162,0.22144629488934395,2.670544734728978,4.199122915612965,1.528578180883987,-1.9144128654409127,0.4334053453936525,4.192863947726989,15.58032357523157,31.35934131425137,38.17980302242767,3265.016
B0005,48,0.8968120074286804,1.7936240148573608,3.5597648340955175,0.22722748069200965,2.605158060541757,4.190409478081396,1.5852514175396388,-1.9388813849818083,0.37779475028402737,4.941816467036011,22.4219431281538,34.31088483888259,40.71218198711114,3328.937
B0005,49,0.8915945111636638,1.7831890223273277,3.5623454342368555,0.22227391812377692,2.672012007453096,4.199933846791869,1.5279218393387732,-1.927509725704535,0.4046355296077637,4.558118080214107,18.776788675716173,33.43585640373788,39.88526123315293,3329.266
B0005,50,0.8836821038139479,1.7673642076278957,3.558336657621618,0.22147695346051366,2.674271233724938,4.199365021329158,1.52509378760422,-1.9267185977839403,0.4061642245882447,4.536182925819225,18.577253382877963,32.66698125020078,39.18287352945846,3301.579
B0005,51,0.8785088925176533,1.7570177850353066,3.554013138622869,0.22473746346279735,2.6309416727017187,4.19902365945384,1.5680819867521216,-1.9261308349663746,0.4074242751781163,4.521494204384942,18.444224934689505,32.28423408691397,38.951564804030774,3283.563
B0005,52,0.8734353089918954,1.7468706179837907,3.552376095886298,0.2223635832907857,2.6629725743154204,4.199432142144215,1.536459567828795,-1.9202346781375206,0.42078135455068144,4.349960985342184,16.922486341960898,32.00739178780946,38.607510759873634,3275.125
B0005,53,0.8708586253728572,1.7417172507457144,3.549618661283733,0.22654739258708567,2.612942119873717,4.199640922827531,1.5866988029538143,-1.9201011498853633,0.4212115321958238,4.3427960250958755,16.860158834401528,32.06387071886056,38.920359903369054,3265.656
B0005,54,0.8682112528239093,1.7364225056478186,3.54938103086703,0.22676974984008746,2.6157198442661476,4.199305653118061,1.5835858088519132,-1.9144278105456467,0.43348048129389816,4.1928371091759935,15.580182460624606,32.43754560319043,39.23273115358871,3266.093
B0005,55,0.8631608619617913,1.7263217239235826,3.547211868041895,0.2259297319036886,2.6287695472774453,4.198949734540481,1.5701801872630354,-1.908340706503589,0.4460659525542237,4.048138122102961,14.38764459512057,32.16809876635083,38.9649270684008,3257.594
B0005,56,0.8579032694665066,1.7158065389330133,3.5467052098640246,0.22293092024176692,2.6655106679421823,4.19834220599025,1.5328315380480677,-1.902207182631691,0.4581844418714669,3.9141494047509027,13.320779963411923,32.05752645824972,38.83927283461771,3248.593
B0005,57,0.855266675567596,1.710533351135192,3.544629653883431,0.22473587665672512,2.650495153350403,4.198995776266302,1.548500622915899,-1.9020484449938713,0.45891308926795626,3.9074476157030538,13.26835175013246,31.975920928072714,38.82796377704433,3238.766
B0005,58,0.8530072498242605,1.706014499648521,3.5436291614253204,0.22548872600732597,2.643236235233877,4.19916986492694,1.555933629693063,-1.8964907679062355,0.4701918636452334,3.7895888249444902,12.361156102166895,32.21689335291319,39.14007944734004,3240.14
B0005,59,0.8501555136321294,1.7003110272642588,3.5444946147995258,0.22535563972499398,2.656450207001938,4.199246833083063,1.5427966260811248,-1.895971437908019,0.47070468917649616,3.7829997502039006,12.311292343693632,32.55632993697177,39.349611598028886,3230.109
B0005,60,0.8472899300898948,1.6945798601797897,3.5409201846556857,0.22792324279312132,2.626177688152069,4.1992551886401595,1.5730775004880906,-1.8899648799839277,0.4816237581115817,3.673287951543208,11.493216299627717,32.40048085325998,39.29444535878087,3229.7810000000027
B0005,61,0.8424514543304643,1.6849029086609286,3.541195668799061,0.2257194455073568,2.6582230344240045,4.199610827671791,1.5413877932477869,-1.8893703824420507,0.48295765610267255,3.65995325643499,11.396524762780587,32.29371860868794,39.10487658009542,3212.469
B0005,62,0.8372370795579858,1.6744741591159715,3.540671044783382,0.22232770586728487,2.695100237338448,4.1994453812630566,1.5043451439246085,-1.8776883243431417,0.5036968499774822,3.4618730105695517,9.98472462916364,32.136071448067796,39.0462609369598,3213.219
B0005,63,0.8372846239939551,1.6745692479879102,3.5376048790268775,0.2278035015163785,2.639091813583503,4.198991968341307,1.5599001547578042,-1.8831065986697755,0.4943331421972539,3.551554437138795,10.613846440292324,32.38268549723498,39.398032192832,3203.578
B0005,64,0.8318581879907025,1.663716375981405,3.538422485261741,0.22478623561389077,2.6857210282450983,4.197785116892181,1.5120640886470826,-1.876359921441716,0.5052459745361098,3.4493725937333366,9.898301890353942,32.30899951427637,39.10678394120843,3195.125
B0005,65,0.829506934374123,1.659013868748246,3.53928626988912,0.22405053018605098,2.69017866510873,4.201331130571617,1.5111524654628874,-1.8709550260104442,0.5151556922537976,3.3591281246277847,9.283874233035842,32.56636929496717,39.44448954135193,3195.312999999994
B0005,66,0.8269270286667507,1.6538540573335014,3.533690170241391,0.22875214978625036,2.639895313359579,4.199339974904826,1.5594446615452475,-1.8705599868289542,0.5157546970961461,3.3529539851872303,9.242449554213218,32.46542951751835,39.509602016775695,3186.297
B0005,67,0.8213268910650655,1.642653782130131,3.534367734544495,0.22434241853957987,2.68991452927918,4.198916244859707,1.5090017155805273,-1.8640049795794804,0.5263135506152927,3.2618109257579326,8.639511656223831,32.347056454418095,39.33486536224533,3176.438
B0005,68,0.8189289215111849,1.6378578430223698,3.5312941932103548,0.22742872815982929,2.65935818848874,4.198537488587242,1.539179300098502,-1.8636932149873204,0.527087829798622,3.255708949988025,8.599747180859708,32.37153894064616,39.43723270017243,3167.593
B0005,69,0.8163675203549554,1.6327350407099108,3.5309134771684274,0.22708128337573127,2.6657030585650423,4.198943932259475,1.5332408736944325,-1.857820396301907,0.536818873029154,3.175389969003167,8.083216917356342,32.45549347979197,39.51375235624076,3167.719
B0005,70,0.8138764457766808,1.6277528915533617,3.5287226893409893,0.2296112762432864,2.642986759012803,4.199579806494986,1.5565930474821834,-1.8572160981955346,0.5374001902211296,3.1693703327056983,8.045029039031322,32.50017194695606,39.60170302810528,3159.077999999994
B0005,71,0.8110627427605795,1.622125485521159,3.52625493581969,0.23107659118833668,2.6311169118893036,4.198782234828033,1.5676653229387294,-1.8568340008006832,0.5383160191069417,3.163339941378958,8.006826031847442,32.50100298369444,39.687463597582074,3148.829
B0005,72,0.8056628301882924,1.6113256603765849,3.528684324337005,0.22510578697122166,2.696157404617167,4.19910517813207,1.5029477735149035,-1.844888650021881,0.5567437022145733,3.0150826311503955,7.090826509816896,32.4728927422438,39.53535075538898,3149.094
B0005,73,0.8032815698744192,1.6065631397488385,3.525556939424901,0.22813971311184958,2.6667596238241567,4.198510853141954,1.5317512293177975,-1.8444180038305806,0.5575503803894237,3.0091969283472517,7.055377525085763,32.50480154634882,39.6502371632164,3140.547
B0005,74,0.8007571116958797,1.6015142233917594,3.5226805646793737,0.23085168589202887,2.6403185448373043,4.198732430468704,1.5584138856313996,-1.8438790389835118,0.558258177729594,3.0033096961788517,7.019971117064308,32.51218336210202,39.69929058154853,3131.625
B0005,75,0.795184615700164,1.590369231400328,3.524673458789008,0.22588557047078084,2.69892986372897,4.198799630396931,1.4998697666679615,-1.83711254029409,0.5679295356339376,2.928814268715843,6.578059719915428,32.45692821941515,39.56076309770468,3121.907
B0005,76,0.7928944984121106,1.5857889968242211,3.5213155754526824,0.22872630381164663,2.6682466504352993,4.198753541225669,1.5305068907903694,-1.8315957075983758,0.5767088275569215,2.8633688484756297,6.198958374645695,32.447059186431154,39.63708096307912,3122.125
B0005,77,0.7924715353687058,1.5849430707374117,3.51803386486462,0.23152662212104436,2.6479207279724903,4.200309982421394,1.5523892544489035,-1.8311195242792309,0.5767399739087573,2.863363332445609,6.198931624451864,32.32889654966259,39.43977047692484,3121.672
B0005,78,0.7977631946247968,1.5955263892495937,3.5236841955396794,0.22952284805552414,2.6741633856529066,4.201124089732316,1.5269607040794093,-1.8432799764914718,0.5590382516984779,2.9974139067720924,6.984574458283067,32.84488475360107,39.83902225625451,3120.86
B0005,79,0.7873650873900518,1.5747301747801037,3.519146638240667,0.22754368748819617,2.6892528956736257,4.198150316653697,1.5088974209800714,-1.829798505957538,0.5781334853154986,2.851818266686701,6.1329464733125345,32.31731555011648,39.41794949618613,3103.828
B0005,80,0.7824509975468973,1.5649019950937946,3.516233648608237,0.22767764621364042,2.688809122993162,4.198524048997099,1.5097149260039369,-1.8236746835609148,0.5877660020442546,2.7836423607744245,5.748752149860895,32.06376130177751,39.262781682151214,3095.094
B0005,81,0.7798829736685181,1.5597659473370362,3.514773138461639,0.2288190587510357,2.6743555987897745,4.198840869468569,1.5244852706787944,-1.8176720770210877,0.5961114455245333,2.72390773278563,5.4197865088897945,32.21997626855924,39.47237839941986,3095.781
B0005,82,0.7797407834092117,1.5594815668184234,3.5132992979150073,0.23177314415834077,2.6430294964336345,4.198119631667182,1.5550901352335473,-1.8179238657973993,0.5961445220961885,2.7239230189981973,5.419828324406799,32.7120225448885,40.03754146951368,3094.328
B0005,83,0.777344676795305,1.55468935359061,3.514484830704665,0.23095886806963914,2.6584858447131823,4.198320288264955,1.5398344435517726,-1.817160673909645,0.5970349702033854,2.7182492450846185,5.388970804174582,32.945022147355694,40.142730162011574,3086.531
B0005,84,0.7744370539945209,1.5488741079890418,3.5109677353595243,0.23330751651469486,2.629782173759164,4.1980467610750285,1.5682645873158645,-1.8110297241968543,0.6051581383309773,2.661012424239362,5.08108649589756,32.857549597381336,40.1165626728546,3085.625
B0005,85,0.769118299471279,1.538236598942558,3.5109358749578012,0.2310865970563572,2.6622967647315545,4.199047008209673,1.5367502434781186,-1.8094435644526072,0.6069013859029623,2.6497595650144223,5.021292496548451,32.629663328789654,39.87503330866132,3067.203
B0005,86,0.763957129125514,1.527914258251028,3.509393098217416,0.22920883095192393,2.682380966742509,4.197669918520713,1.5152889517782042,-1.8026537331443495,0.6156468293908701,2.589316148451536,4.704619132143257,32.379859014262976,39.61961987024145,3058.157
B0005,87,0.7642626314878223,1.5285252629756445,3.5066782411556563,0.2328002385953969,2.6401894768922713,4.197600624105256,1.5574111472129846,-1.8031542757366412,0.615721903133411,2.589314281284521,4.704622946336903,32.68215852457039,40.067324667444815,3058.812
B0005,88,0.761323662642189,1.522647325284378,3.5109885623008092,0.2283329552029984,2.693769409137257,4.197985718630326,1.504216309493069,-1.7965666438696486,0.6234851437507705,2.5366242179123106,4.434531638311009,32.99387423636739,40.24716716520102,3058.578
B0005,89,0.7587429969244934,1.5174859938489869,3.510305462695178,0.22846049187380552,2.695787450704935,4.198164128530042,1.502376677825107,-1.7959771394311956,0.6242659960184777,2.5310641182059825,4.406362029270359,33.045397072111655,40.30253125568348,3049.328
B0005,90,0.8029094495653295,1.605818899130659,3.5222215314850214,0.23489696038406022,2.6920548172137724,4.222920057935785,1.530865240722013,-1.822916991757235,0.5889299654441849,2.7744982532134137,5.697913732504862,32.856295641052824,40.09418103142496,3177.219
B0005,91,0.7819245723372212,1.5638491446744425,3.5163492154331264,0.23460822575957185,2.629071246219689,4.200423045909808,1.5713517996901194,-1.8294275689587538,0.5799206922442278,2.840218021358711,6.066924327627886,33.33950238056361,40.52238496316615,3082.937
B0005,92,0.7740457623883893,1.5480915247767786,3.5134397623234963,0.23373674328687408,2.631343871050918,4.198372063670128,1.56702819261921,-1.816317296828028,0.5976282910241006,2.7125567544191007,5.358041575899401,33.35156485472646,40.56886357314186,3074.266
B0005,93,0.7661877815934296,1.5323755631868592,3.515137522009075,0.22759112319661778,2.6983970036642315,4.198353213898968,1.4999562102347364,-1.8033689952639713,0.6147651065356567,2.594907934631868,4.733627472278046,33.147486361012966,40.27804845768325,3066.0
B0005,94,0.7634764134244852,1.5269528268489705,3.50830390643132,0.233525223510868,2.6338485871981514,4.197873789078739,1.5640252018805874,-1.802670753119494,0.6156394846208407,2.589316991288469,4.7046370468734455,33.007275861749356,40.2921849196155,3056.437
B0005,95,0.7584786508568163,1.5169573017136326,3.509190808443004,0.23018953113289323,2.671566207861818,4.197955644238241,1.526389436376423,-1.7958941337499832,0.6242630120504566,2.5310637723396328,4.406351325324898,32.91990812745461,40.184384347174266,3048.219
B0005,96,0.7559487980071345,1.511897596014269,3.5068097579555353,0.2320619964935803,2.6540810507928123,4.197918434710392,1.5438373839175794,-1.795344963527795,0.6252844674365714,2.52549020378792,4.378192626419899,32.99903328622305,40.320066232195046,3039.218
B0005,97,0.7532819480340552,1.5065638960681105,3.50609090727422,0.23177324893998671,2.656849703962618,4.197739340034368,1.54088963607175,-1.7893518988259458,0.6330101724590489,2.47484224190335,4.1249327416665285,33.03772281691292,40.336505612651585,3039.047
B0005,98,0.7507726763335681,1.5015453526671363,3.5037157727265953,0.23381247270066657,2.6363048614501152,4.19785490446139,1.5615500430112745,-1.7883879159763685,0.6338733874724278,2.4693210072845115,4.097614959065487,33.07740307192613,40.43267631588412,3030.375
B0005,99,0.7454222025200119,1.4908444050400238,3.5067479961367156,0.22817625044492165,2.69951692300468,4.197306756122815,1.4977898331181354,-1.7815447770741009,0.6424340150968986,2.4150200309538934,3.8324296604088692,33.05467981523988,40.314538591575015,3021.0
B0005,100,0.7429341922806005,1.485868384561201,3.5058813026542324,0.2283393623825586,2.698216006032282,4.197528212001444,1.499312205969162,-1.7753115642966961,0.6496163987691415,2.3679896535182823,3.6074381736918806,33.11570360624461,40.386661855917744,3021.75
B0005,101,0.740206838988053,1.480413677976106,3.504168333530808,0.22923488661002497,2.6911707598773864,4.19743662221161,1.5062658623342235,-1.7742377662318358,0.650820274975926,2.3625269254955783,3.5815984246667494,33.12942148982364,40.43384612547835,3012.265
B0005,102,0.7376047934515816,1.4752095869031632,3.5030568931470634,0.22962412070328486,2.690162319231471,4.197717228550219,1.5075549093187477,-1.773860289771637,0.6517546907968573,2.357056567506327,3.5557705390554144,33.130681310493344,40.44479269068758,3002.641
B0005,103,0.7429517994152012,1.4859035988304024,3.4982324882487936,0.23355982041117498,2.6355034454892072,4.192454851360723,1.5569514058715157,-1.7809702419814517,0.6432257233392733,2.409534636419109,3.8059178951817287,33.20069210329718,40.58499656066617,3012.0
B0005,104,0.7480459149068348,1.4960918298136696,3.5065859365661325,0.23314166635590908,2.6594753656507684,4.202845001527377,1.543369635876609,-1.7879098523188452,0.6347436730403644,2.4637693030373065,4.070245910988096,33.78697527817091,40.99869158762305,3020.11
B0005,105,0.7404002973464492,1.4808005946928984,3.501457140697961,0.2338907608197367,2.644554999824577,4.197952808231904,1.5533978084073272,-1.780229415660985,0.644246791952682,2.4040142947977845,3.779354049113726,33.673365085761986,40.997807625227495,3002.172000000006
B0005,106,0.7348771634233412,1.4697543268466824,3.501658387162809,0.2314567239719317,2.6719601666204564,4.198017952345714,1.526057785725258,-1.7731015168894209,0.6524940973483503,2.351564785433776,3.5299210578882736,33.53581811831714,40.84213757482493,2992.703
B0005,107,0.7269506137422964,1.4539012274845928,3.4966186408455298,0.23159789116338514,2.6598211033173382,4.192162800008929,1.5323416966915908,-1.7705879947441516,0.655250568309213,2.3349438733594527,3.4522175205801036,33.32269982188509,40.69012464267011,2964.468
B0005,108,0.7270731033617845,1.454146206723569,3.4991645719433246,0.22983938603487397,2.688360455508818,4.196993378341778,1.5086329228329602,-1.7600629827474803,0.6680517358563884,2.256946361335821,3.0938587906319848,33.346230327490304,40.69938049882204,2983.375
B0005,109,0.7275118759533415,1.455023751906683,3.496080777360074,0.23463832033648271,2.6376728619288525,4.197603515102162,1.5599306531733093,-1.765575132998529,0.6618426180378948,2.295302348123539,3.26846686298145,33.64948900485925,41.06026204078849,2975.297
B0005,110,0.724521081880618,1.449042163761236,3.4959014526387993,0.23380271282811732,2.645120521151077,4.196406678544622,1.551286157393545,-1.7588271887545277,0.6688280176098168,2.2515141900023043,3.0693698244313827,33.79269513542102,41.19696040482682,2974.9850000000006
B0005,111,0.7193354685740283,1.4386709371480566,3.497586979902671,0.22950556866575983,2.698012437629632,4.197098662004674,1.4990862243750418,-1.7516428147438297,0.6770407760388342,2.2036309498509365,2.8561937014322227,33.52446663707275,40.84446688602949,2966.25
B0005,112,0.7167227160784895,1.433445432156979,3.4956989619989507,0.22997787523358285,2.6928942772989077,4.196909312093871,1.5040150347949637,-1.7513097768253418,0.6778601694318532,2.1982608805365036,2.832457779147262,33.39042251934235,40.764203830749366,2956.359
B0005,113,0.7166979450419048,1.4333958900838095,3.492875380810072,0.23378302547155907,2.6483923655058113,4.197105220217278,1.5487128547114666,-1.7511840784846122,0.6778637436789006,2.1982910934134328,2.83253214847222,33.67370212742761,41.11212504270441,2956.344
B0005,114,0.71403243672388,1.42806487344776,3.49551076423368,0.23062957343481497,2.6832134764261997,4.196244829545076,1.5130313531188766,-1.7446206812145286,0.6848904297582487,2.157260649417128,2.6538170266109677,33.91080564765892,41.27256611507568,2956.406
B0005,115,0.7114601590870593,1.4229203181741186,3.4942333590450834,0.23088390043863466,2.684960445221862,4.1968026018066595,1.5118421565847977,-1.7436362428649814,0.6856979354646392,2.1518506644326423,2.630536906394722,33.7850680599871,41.15574924454392,2947.266
B0005,116,0.708714516365654,1.417429032731308,3.491197414255986,0.23229653661713237,2.669922120529456,4.196227405416926,1.5263052848874703,-1.7425325036061037,0.6865929751072053,2.146462033164671,2.6073416437775174,33.61126807392732,41.03237216951879,2937.984
B0005,117,0.706204614397223,1.412409228794446,3.4889094081576237,0.23292648231334634,2.664105530655056,4.196558172556389,1.5324526419013331,-1.7419837011363046,0.687505691566351,2.1410447688484804,2.5841150966387296,33.45598581472246,40.937269906716935,2929.125
B0005,118,0.7062893964700965,1.412578792940193,3.487376295811431,0.23539887207666607,2.634098605983684,4.196870541112335,1.562771935128651,-1.7421680980861822,0.687538016943258,2.141043024711058,2.5841026979560375,33.723267448788484,41.240704611971786,2928.454
B0005,119,0.7037991865734948,1.4075983731469897,3.491994243745711,0.23108854744939497,2.68378702970616,4.196795527524874,1.5130084978187144,-1.735841378420618,0.6944616604006627,2.1013326433788695,2.415648787642856,34.050076369857344,41.43649987692296,2929.375
B0005,120,0.7166960242610738,1.4333920485221476,3.491585878898649,0.23180346075829497,2.660031949282934,4.189287343772767,1.5292553944898328,-1.7567879869499758,0.6716141949745494,2.2351534126882138,2.9959651872797703,33.889346908026745,41.16703904201915,2946.031
B0005,121,0.7191275088396454,1.4382550176792908,3.495576227046425,0.23434594414669582,2.650011641082063,4.201144545237731,1.5511329041556676,-1.7573176114092575,0.670534030462985,2.2405663665062745,3.020292977056336,34.067648550088656,41.36216559728765,2955.438
B0005,122,0.7086773587242763,1.4173547174485526,3.4938988589692483,0.22991162204202661,2.6936969083341418,4.196925753814179,1.5032288454800375,-1.7427628393326555,0.686699579770391,2.146461944002525,2.6073414363075758,33.75168100943646,41.02198772703674,2937.625
B0005,123,0.7034908318388216,1.406981663677643,3.49159162968384,0.229697214533848,2.697073130067154,4.196901090271507,1.4998279602043532,-1.7352637407600366,0.6944284081835842,2.1013339477022237,2.4156471635311165,33.46482299584788,40.78818812957494,2929.078
B0005,124,0.7006018891793812,1.4012037783587623,3.4885729299834787,0.23125162530471471,2.6806995515145213,4.196688955833435,1.5159894043189133,-1.7344350518111926,0.6953424822644083,2.0959340645391045,2.39298145226892,33.40210697922146,40.81506138506309,2918.375
B0005,125,0.6983504116363164,1.3967008232726328,3.4869021151089825,0.23209353799352606,2.6695398084864568,4.196339302740304,1.5267994942538472,-1.7280392046289716,0.7022316077780137,2.057407246952122,2.2329718209129075,33.410688917712235,40.858374219876424,2919.812
B0005,126,0.695642394426363,1.391284788852726,3.4855485210036417,0.2324132725955902,2.671695307817951,4.196181412764837,1.5244861049468859,-1.7326888725308258,0.697237772226579,2.085100917202743,2.347684791699015,33.38984948261314,40.839876773287166,2900.422
B0005,127,0.6931143838989174,1.3862287677978349,3.4838912547260388,0.2329719896611208,2.661289185949965,4.195770804194879,1.534481618244914,-1.7260735249920125,0.7040151021068305,2.0466310135083905,2.188739292106444,33.3700433438796,40.85376069244676,2901.375
B0005,128,0.6902183380987069,1.3804366761974138,3.483198941484065,0.23238568201232243,2.667817533540102,4.195456241846729,1.5276387083066272,-1.7195393742714093,0.7105949418446779,2.009245966920906,2.037106349461003,33.27215987470977,40.74795214258888,2901.187
B0005,129,0.6876182075128112,1.3752364150256224,3.4836274447098883,0.2313734885832896,2.684008069130594,4.19654355365607,1.5125354845254755,-1.7185829844462923,0.7115856854453628,2.0038706965239688,2.0155342430506646,33.222444215660225,40.68794001196382,2891.64
B0005,130,0.6852564012447504,1.3705128024895008,3.480172442538601,0.23326911304838624,2.6585256208771644,4.194357133255019,1.5358315123778543,-1.717672415155695,0.7126205209603628,1.9984831225337896,1.9939689498235937,33.26207748383125,40.7810749453613,2882.906
B0005,131,0.68525427831352,1.37050855662704,3.478452148610975,0.23529509458933892,2.6372250579822927,4.195863681881766,1.5586386238994736,-1.7177080769362936,0.7124313037276298,1.9984822882199023,1.99396522899357,33.312029905516525,40.88159339768709,2883.265
B0005,132,0.6823677554340759,1.3647355108681518,3.4785782556105507,0.23409770875700617,2.6514257735606432,4.1955845546644195,1.5441587811037762,-1.7109669363015378,0.7190538318519245,1.962171248426926,1.850147986900664,33.25287943255863,40.81191473576834,2882.969
B0005,133,0.687696008447881,1.375392016895762,3.4825195584604582,0.2303412402483575,2.676384659108382,4.188483624251573,1.5120989651431906,-1.7184206130755166,0.7116002030602223,2.0038715031500485,2.015536454883521,33.745054045019884,41.11793533148924,2891.656
B0005,134,0.6930557575767696,1.3861115151535393,3.4886823636752826,0.23089056285952433,2.6949138502817815,4.200346502821317,1.5054326525395352,-1.7260471943596487,0.70406823889181,2.046638400573848,2.1887573274147263,33.88841975386692,41.248795355864885,2901.25
B0005,135,0.684925001791947,1.369850003583894,3.4858502383832755,0.2300636583691155,2.6973343716306273,4.1981749992980655,1.5008406276674382,-1.712021613408506,0.7180955673190298,1.967531454814846,1.8712114908288795,33.7353756996425,41.16242984455477,2891.703
B0005,136,0.6823913974630379,1.3647827949260758,3.478794177297151,0.23453996495323504,2.642540259937964,4.195715092938243,1.5531748330002788,-1.711022510206629,0.7190570379830654,1.9621660488846733,1.8501331863550297,33.59131052719714,41.16437554618679,2883.016
B0005,137,0.6771610233129982,1.3543220466259964,3.4812826020756744,0.2300023006876262,2.699226257883075,4.195755769877104,1.4965295119940296,-1.703421414006958,0.7264082658567215,1.9214742799925917,1.6921014565033623,33.32366688599416,40.864216180205034,2873.453
B0005,138,0.6773208509189481,1.3546417018378962,3.480352041587074,0.23172972042677714,2.676480329780849,4.195911764444989,1.5194314346641398,-1.703574708739156,0.7262019250374426,1.9214755308250226,1.692098377836193,33.691961507697364,41.25434553511566,2874.031
B0005,139,0.6773519606596204,1.354703921319241,3.4781127815565127,0.23459878147822355,2.642142168479886,4.195824004004723,1.553681835524837,-1.7034912994217157,0.7263745505953919,1.9214735807509826,1.6920943777223343,33.887639684793655,41.45023191903855,2874.234
B0005,140,0.674657498751729,1.349314997503458,3.4765867130506125,0.23472415799026067,2.644725254926797,4.196258226051591,1.5515329711247938,-1.7023383270190764,0.7274936186035835,1.9161080393186745,1.6715160471971382,33.67308060941856,41.27708509224051,2864.984
B0005,141,0.6720945968985277,1.3441891937970554,3.4733769291841643,0.23613516344527885,2.632270655366611,4.196612664794988,1.564342009428377,-1.7014238498912502,0.7284124959732012,1.910738584045999,1.6509558244030353,33.411988203265814,41.06460515498328,2855.093
B0005,142,0.6694956895347878,1.3389913790695755,3.4726366397371136,0.23522618557771546,2.6391006118876117,4.195850781215982,1.55675016932837,-1.6950436046971957,0.7345611096739674,1.8763776895994997,1.5208254475225935,33.29926524979532,40.99284868101728,2855.625
B0005,143,0.6694572615103486,1.3389145230206971,3.473439372740961,0.2351854506424964,2.637841830893275,4.1960023929619235,1.5581605620686485,-1.695057731610264,0.7347721783758081,1.8763757144008155,1.5208207542482617,33.59980731390034,41.29040553417739,2855.594
B0005,144,0.6670033379880828,1.3340066759761655,3.4754777099091454,0.23307056841310522,2.668286095904868,4.196207586734141,1.5279214908292724,-1.6937809113323188,0.7356134071094789,1.8710141415375632,1.5007239210701266,33.61961195858585,41.22740227746052,2847.437
B0005,145,0.6643222154587457,1.3286444309174914,3.4722884821666766,0.2344914419346953,2.6490198126838553,4.195534582569042,1.5465147698851869,-1.6869434054016965,0.7418705913426482,1.8375390569129275,1.3765804273102429,33.3945201718652,41.04619550953222,2847.36
B0005,146,0.661585449613811,1.323170899227622,3.471373665098864,0.2337339946329131,2.664058512378051,4.1957439573980455,1.5316854450199946,-1.6860649112944592,0.742747592613886,1.8321877426356965,1.3569429457576332,33.16734508187535,40.85874389007758,2837.328
B0005,147,0.6590845794222598,1.3181691588445197,3.4726160162875095,0.23171395163508188,2.6883611693898826,4.19586805747139,1.5075068880815077,-1.6795829780331424,0.7486911075587083,1.7995491891313253,1.2384045372609807,33.10962161613893,40.79196924883506,2837.281
B0005,148,0.6592332218320167,1.3184664436640334,3.4738146874457896,0.23145531755475657,2.6869753836302124,4.195347750909715,1.5083723672795024,-1.679793840292355,0.7488533717853917,1.7995528115323731,1.2384226505965588,33.46501751186519,41.14127834456325,2838.515
B0005,149,0.659146520051351,1.318293040102702,3.4701426486639693,0.23472522386577235,2.6507536817766586,4.196065828878837,1.545312147102178,-1.6851739865098712,0.743876816476481,1.8268175759243688,1.3372953740645812,33.4426191014044,41.14429319149828,2828.328
B0005,150,0.661936211122134,1.323872422244268,3.467523652225441,0.23031267169577163,2.6646322789106516,4.184534803011309,1.5199025241006576,-1.6863812036302581,0.7428319626634494,1.8321845335699447,1.3569296991062707,33.037928170775885,40.66184230912503,2838.265
B0005,151,0.6800608383277392,1.3601216766554785,3.4767525840839255,0.23579050029382018,2.6400211837268666,4.201240476440081,1.561219292713214,-1.715777469309528,0.7147439225571015,1.9876541028402053,1.95082181833095,33.4949493613756,41.04669454497069,2864.547
B0005,152,0.6697653433973677,1.3395306867947354,3.4758956827369127,0.2317973223077257,2.674198661305034,4.195703567262997,1.5215049059579635,-1.7007216920098716,0.7293490278732816,1.9053513798188668,1.6304024998186666,33.491363029025784,41.0462053156659,2846.39
B0005,153,0.6645143282560348,1.3290286565120697,3.475812179626641,0.23021012193362905,2.696427051131168,4.195744519551191,1.4993174684200228,-1.6928138295817332,0.7367700122619932,1.8656413398956389,1.4806479782597455,33.329808599922345,40.8683026432256,2837.969
B0005,154,0.6618370637499478,1.3236741274998955,3.4746554404904435,0.23072335808814126,2.6928340297696836,4.196363050482315,1.5035290207126315,-1.6861104874993165,0.7427756192144798,1.8321858423331354,1.3569387614547876,33.27302769298771,40.85283588259973,2838.156
B0005,155,0.6593169483766465,1.318633896753293,3.472301781313945,0.23174255819209502,2.681747855329962,4.1957929878569455,1.5140451325269835,-1.685043785043406,0.7437386119488855,1.8268202896214198,1.3373009337241673,33.229879126701434,40.85270645265791,2829.843
B0005,156,0.6567375660662136,1.3134751321324272,3.4729305773503527,0.23047543951511296,2.696791414385091,4.195797286482793,1.499005872097702,-1.678524839793589,0.7497527985378388,1.7942033064259024,1.2191930767444088,33.20860833999321,40.8263251809212,2829.625
B0005,157,0.6566010317221102,1.3132020634442203,3.4696192030612285,0.2335360160165041,2.664695973142795,4.196349384378125,1.5316534112353306,-1.6839115230941766,0.7449043048958415,1.8214386597434886,1.3176698458741862,33.236115055926255,40.90308836809665,2819.437
B0005,158,0.6538979973472177,1.3077959946944353,3.470018470757559,0.23228852507704872,2.679191623358613,4.195609431921248,1.5164178085626352,-1.6773783325850857,0.7507201142394082,1.7888477888132057,1.2000029080909291,33.18660088296571,40.84337405460518,2819.579
B0005,159,0.6515164593202959,1.3030329186405918,3.470762691935286,0.23080195134591147,2.699983457940659,4.195339917236225,1.4953564592955662,-1.676425373206175,0.7517330528835424,1.7834677952776115,1.1807935751876633,33.174058099115534,40.81792110626284,2810.672
B0005,160,0.6516786779519101,1.3033573559038203,3.468111467035994,0.23331018641197845,2.666300786624286,4.1954020570061195,1.5291012703818336,-1.67627880896028,0.7519156881213355,1.7834703888826877,1.1807952099662407,33.253984518546055,40.946993847659506,2811.485
B0005,161,0.6517050219327821,1.3034100438655642,3.4648625780221494,0.23628874196780142,2.6308501373847837,4.195685302232799,1.5648351648480152,-1.6817992883033976,0.7468204737683257,1.8106320918123298,1.27842081126418,33.3198093248819,41.07493805830632,2802.422
B0005,162,0.6489435403247853,1.2978870806495706,3.467864133752208,0.23302321568608483,2.673348140468748,4.195561297751176,1.5222131572824282,-1.6750812261110137,0.7527506827263925,1.778083130702472,1.1616098532533625,33.33765795318198,41.02476444658572,2801.625
B0005,163,0.6490367528459451,1.2980735056918902,3.464021404592563,0.23624354348512958,2.632763831012711,4.196066962029683,1.5633031310169718,-1.675366426273468,0.752577985925264,1.7780806772228168,1.1616019570520093,33.29076744042025,41.06214198725253,2802.031
B0005,164,0.6467318069221215,1.293463613844243,3.4664623858156745,0.23372068251081674,2.6687371180046218,4.196640912532072,1.5279037945274498,-1.6744879201095209,0.7536990836142821,1.772681260569274,1.1424287784521479,33.27568841807217,40.98366325567302,2793.39
B0005,165,0.644001696309559,1.288003392619118,3.46850906693551,0.23140291455171777,2.696396337945361,4.1956235749123225,1.4992272369669615,-1.6674467270234996,0.7597499398316081,1.740922710441912,1.0308456182062642,33.32067807371405,40.98234242711097,2793.39
B0005,166,0.6437262610689704,1.2874525221379407,3.466806213058136,0.23283528586038776,2.679483486292519,4.195862008850563,1.516378522558044,-1.6674702882406252,0.7599494093003731,1.7409162819714277,1.0308314595946628,33.37314972896719,41.06375085817118,2792.485
B0005,167,0.6545076821153677,1.3090153642307354,3.471070722008039,0.23018035235448406,2.6787137407179737,4.18482689434833,1.506113153630356,-1.6888978346592105,0.7406357353840044,1.8439852696349688,1.4003166077795992,33.71351889594897,41.047029587744966,2802.016
B0005,168,0.6625396643214678,1.3250793286429356,3.475472204020004,0.23598649596102578,2.655378369801326,4.201968615940368,1.5465902461390422,-1.6979281889133206,0.7326261071163669,1.8891008941485357,1.568741400913666,33.86531768239223,41.051007697556734,2820.39
B0006,1,1.017668795502799,2.035337591005598,3.556946061827572,0.22659516743494124,2.4757677568281857,4.179823027658306,1.70405527083012,-1.990533350635129,0.20201141652623167,9.771946187299228,93.49760529242451,32.142777859921516,39.16298653238707,3690.234
B0006,2,1.0125701230157058,2.0251402460314116,3.56147580138708,0.23200765601325102,2.35152551190002,4.177288238505559,1.8257627266055394,-1.9902775421457088,0.20242633247183922,9.74632047277056,92.99753562720238,32.29307515705474,39.2462026826329,3672.344
B0006,3,1.006663185672732,2.013326371345464,3.5667524696413215,0.22412437745286973,2.4404797151065436,4.1781213228922995,1.737641607785756,-1.9899467848963859,0.20299388166429702,9.720827337593876,92.49989253640331,32.24414709253608,38.999202460252846,3651.641
B0006,4,1.0066423327703706,2.0132846655407413,3.5687953371516272,0.22155083245773105,2.4791558539003917,4.1785623580417175,1.6994065041413258,-1.9896009282099438,0.20350120855790552,9.695118549449425,92.00052060073558,32.14711742429942,38.843627771866515,3631.563
B0006,5,1.0002641688123854,2.000528337624771,3.563970503289941,0.23564320726845062,2.280187848173442,4.17824995156942,1.898062103395978,-1.9895483606575701,0.20331860001790622,9.695082908213543,92.00011420452847,32.06687277315468,38.97798888258284,3629.172
B0006,6,1.0069495379965823,2.0138990759931645,3.5735512387791406,0.22605946144800437,2.4392842568466446,4.193216523251186,1.7539322664045414,-1.9901040351037365,0.20281609285991453,9.720779443440458,92.49936902483444,32.03447836207717,38.83989920742278,3652.281
B0006,7,1.0065505528134835,2.013101105626967,3.5711391343785897,0.23657745407695108,2.2812068449406446,4.193732603145628,1.9125257582049837,-1.9900886222380374,0.20267701151353962,9.720870638247193,92.50050406061497,32.11157496697372,39.04610837498471,3650.828
B0006,8,0.98439491313642,1.96878982627284,3.5681507462163036,0.22749933563365637,2.366410527029613,4.176826628115461,1.8104161010858482,-1.9891170520197212,0.20501892649466744,9.617254547158913,90.49806665592986,32.112576242471775,38.87507521022778,3572.453
B0006,9,0.9840830882167122,1.9681661764334244,3.5692834155812436,0.22314682772269262,2.436020049578708,4.176369138969733,1.740349089391025,-1.9892116643905464,0.20523988331929136,9.591544675516353,90.00277358905969,32.03566207329278,38.7260539826455,3550.594
B0006,10,0.9786153958780268,1.9572307917560536,3.563388513484579,0.24088737299974913,2.1864377487643725,4.176897989902666,1.9904602411382935,-1.989191243247005,0.205412635109486,9.591345922425063,90.00007157621643,31.99527968872302,38.98629728904917,3551.25
B0006,11,0.9727995757064676,1.9455991514129352,3.566658719765511,0.2293605001947798,2.3406023605912454,4.177579509962451,1.8369771493712053,-1.9891317699701738,0.20600307527378955,9.565485932527691,89.50267363303286,31.874127571841353,38.65978861919643,3530.25
B0006,12,0.9673752522420566,1.9347505044841131,3.5687035970122842,0.2251048512425194,2.4263021374140443,4.177996110793395,1.7516939733793508,-1.9887805507702212,0.20713898836201464,9.513060635683006,88.50262044877954,32.120959708576166,38.84979195732924,3491.016
B0006,13,0.9616399769684014,1.9232799539368028,3.569207084156356,0.22220867357953764,2.4753697700007034,4.176316409477926,1.7009466394772228,-1.9887320866401275,0.20785379099075302,9.486684215159272,88.00184190207699,32.11021168908644,38.75128344015104,3470.281
B0006,14,0.9559449654742435,1.911889930948487,3.5659271296109383,0.23053100445580985,2.342364523655007,4.1779924550101715,1.8356279313551647,-1.9887200290368634,0.20776622966478636,9.486625081113134,88.00113840375396,31.989061278918154,38.76853764058789,3470.0
B0006,15,0.9505333570989652,1.9010667141979305,3.5612417270649486,0.2410110335871966,2.188400081882664,4.177439981618572,1.989039899735908,-1.9887874042287874,0.20826268455814262,9.460197244191262,87.50069237911383,31.878814448635442,38.84686112344348,3450.297
B0006,16,0.9445994974030728,1.8891989948061456,3.557881987836072,0.2451908965651469,2.1206980945954057,4.17561570814845,2.054917613553044,-1.9885910895930397,0.20860366122429952,9.433676342480021,86.99995681704324,31.767450711024402,38.8658897816528,3429.407
B0006,17,0.9391391861244245,1.878278372248849,3.56282437243777,0.22962078821623072,2.369981457799298,4.177602520456299,1.8076210626570006,-1.9884892463229662,0.20953477019261274,9.407214836816019,86.50104657132073,31.78991634963658,38.647578733807656,3409.484
B0006,18,0.9337848580760104,1.8675697161520208,3.559195328016863,0.23690564233983324,2.247991649924625,4.176354539745044,1.928362889820419,-1.9883474274444874,0.20994384101713828,9.380716244869788,86.00265124777317,31.82883467218067,38.79218188173866,3390.422
B0006,19,0.9337946287226884,1.8675892574453767,3.5580906165580983,0.2331295640738903,2.4115317107898875,4.177450270459645,1.7659185596697577,-1.9774549866256104,0.25621926608657813,7.594477302994993,55.67866207871627,31.890449470827843,38.77022223929529,3390.281
B0006,20,0.989813274125409,1.979626548250818,3.565899462157853,0.2372830870609156,2.2033558468593775,4.174584178175673,1.9712283313162953,-1.9892347833261184,0.20441907733581763,9.643124475004468,90.99734893967603,31.51177053595285,37.54320599748628,3591.734
B0006,21,0.9787749540442012,1.9575499080884025,3.570814209348872,0.2263782364361927,2.35887751155593,4.175224020262452,1.816346508706522,-1.9890474874073771,0.20564686643947197,9.591389064050658,90.00015735726903,31.874488497680712,37.90362577530197,3552.297
B0006,22,0.9729075085393776,1.9458150170787551,3.5666817833633124,0.23523255201916135,2.218672914041916,4.177217300859919,1.9585443868180028,-1.988682950523383,0.20602952695104138,9.565512704162241,89.50302151880234,31.53911453638972,37.6701605139887,3531.578
B0006,23,0.9621230560840048,1.9242461121680097,3.5668392745025836,0.2281830366803388,2.339723057947995,4.176681511062203,1.8369584531142076,-1.9885447318884866,0.20727753522704145,9.513034310875144,88.50228657580917,31.220866832188786,37.34166959188387,3492.907
B0006,24,0.972990566571082,1.945981133142164,3.5710519693928755,0.22808095359353747,2.3997508208942735,4.190384318239257,1.7906334973449836,-1.9885639445355097,0.20649979709319163,9.539302157755872,89.0025328923699,31.119005145018026,37.28979017254232,3511.594
B0006,25,0.9507039652765396,1.901407930553079,3.5666308474029793,0.2212894327353361,2.491410879472442,4.176973413125379,1.6855625336529365,-1.9880563928902786,0.20878760829678886,9.433831602681959,87.00188745104685,31.033244078156734,37.16794481484507,3431.937000000006
B0006,26,0.9393371068400425,1.878674213680085,3.5527392240854914,0.2482870208545426,2.1387303309558976,4.1734521552365464,2.034721824280649,-1.9772969675547487,0.2550510279652047,7.638339649396161,56.3461905691569,31.001249222460967,37.51577848501052,3431.125
B0006,27,0.934153066413211,1.868306132826422,3.5560959755046615,0.23569232950784286,2.346064498302046,4.1764585468168685,1.8303940485148225,-1.9771693646864965,0.2558583155228212,7.61604114084011,56.008426206470276,30.921434744041356,37.24165964092258,3412.406
B0006,28,0.92801220350415,1.8560244070083,3.5504500858303394,0.24126686809511924,2.327337743316428,4.17626102066065,1.8489232773442223,-1.9660385076397233,0.29451964671006425,6.539796783394894,40.77018272508326,30.929360248207214,37.27233216178077,3410.688
B0006,29,0.9225998980927888,1.8451997961855775,3.546007083640312,0.23609522141797626,2.4863117233366316,4.172855540858831,1.6865438175221992,-1.9445990482746272,0.35868920499030876,5.247175360629042,25.53332669668287,31.00810965793079,37.207134503019795,3410.718
B0006,30,0.9286144454426585,1.857228890885317,3.554257954720065,0.24338241655362294,2.2921663510920895,4.1881878017349035,1.896021450642814,-1.9769156942357176,0.2565992948918275,7.594636339295541,55.680276567919805,30.96779499306422,37.49607769896255,3392.719
B0006,31,0.9623880444545319,1.9247760889090637,3.555857469677978,0.22108351984586955,2.434300686181212,4.189991619197343,1.755690933016131,-1.9997552547832569,0.1472028740367492,13.507527356563498,180.47086147641883,31.10097217303459,37.250073961181094,3470.672
B0006,32,0.9411158763046276,1.8822317526092551,3.5537306734803207,0.22399671363615292,2.472619908000758,4.186982490201218,1.7143625822004598,-1.9884344406296768,0.20930169353012182,9.393698404481087,86.24840711399744,31.307368922041046,37.39699052067588,3414.109
B0006,33,0.9276383439427935,1.855276687885587,3.5452650003621513,0.2324737536102351,2.403422072720937,4.1864831065416155,1.7830610338206783,-1.9771310999966942,0.2563264313075085,7.5836268192230385,55.51330825610936,31.131339987164562,37.2852066420257,3395.219
B0006,34,0.9196254458590938,1.8392508917181876,3.538408778928339,0.2365736558729295,2.4006679782182205,4.187721936001791,1.787053957783571,-1.965705768920947,0.2955907514320496,6.501520377670165,40.27081638028193,30.828713779105055,37.080390421974414,3386.0
B0006,35,0.9092698036997214,1.8185396073994429,3.5297688311332673,0.2442494192305717,2.3194299432177345,4.184171356892756,1.8647414136750218,-1.9542494702422435,0.3305619258645819,5.746896761595032,31.027490779079002,30.761533072057244,36.98024266357476,3368.187
B0006,36,0.9067385029783528,1.8134770059567056,3.5300676840423306,0.24464747529573896,2.3401731734980076,4.186779863144672,1.8466066896466642,-1.9490605727432448,0.34614941622095324,5.455032458717989,27.757901211625462,31.30305692941581,37.59874124546701,3368.266
B0006,37,0.8985509225152718,1.7971018450305436,3.5248882875629555,0.24409981280453602,2.3829603510808774,4.186482965601712,1.8035226145208347,-1.9373547119632697,0.3755932912194258,4.965048344692801,22.652193673006803,31.06432144678013,37.33680914521836,3358.719
B0006,38,0.8905023147060238,1.7810046294120476,3.5190926887152725,0.2470108336078659,2.351855540704836,4.184741677172267,1.8328861364674314,-1.9312604088713479,0.3903476743623129,4.747635445737142,20.540343277708832,30.96654665282149,37.39499820465976,3339.5
B0006,39,0.8855065211341164,1.7710130422682329,3.5151810230271,0.24818050170469888,2.3535104841115886,4.186114015167315,1.8326035310557267,-1.925413982519257,0.40381788555537457,4.558148688337365,18.77700845927441,30.826455697992966,37.35233964342659,3331.265
B0006,40,0.8802356224085472,1.7604712448170945,3.514029112834162,0.24655146399647065,2.3948058223938364,4.186378094589789,1.7915722721959524,-1.9198444871883995,0.4172601474671678,4.385661048594076,17.23431512244884,31.080769482413952,37.58677381866742,3321.188
B0006,41,0.8751456894003294,1.7502913788006589,3.514139684003936,0.2441467401802066,2.44188584443803,4.185742966026202,1.7438571215881726,-1.908733158939213,0.4411657886887326,4.095726237712069,14.775252004620924,31.694287817425337,38.20704456989347,3321.844
B0006,42,0.8697462518866289,1.7394925037732578,3.509578354212467,0.24857815752130533,2.391848815367812,4.1849954235358595,1.7931466081680476,-1.90276801874341,0.4529868518407546,3.9607916626123965,13.688044219744931,31.875581783696685,38.340431886092745,3311.828
B0006,43,0.8773383276818602,1.7546766553637203,3.5110708693292705,0.2579982816753887,2.3166154227865463,4.175622772952551,1.8590073501660043,-1.9093247566511207,0.44011883860882745,4.115973713501386,14.94147421487304,31.543288143901563,38.521539672721865,3327.391
B0006,44,0.8829695470921088,1.7659390941842177,3.5159179315855056,0.24633339313645894,2.4110989960643794,4.191704957733779,1.7806059616693997,-1.9306372167933323,0.39194872530536284,4.724986324529678,20.326033593256113,31.420983409991024,38.03707160241571,3312.078
B0006,45,0.8668943709812419,1.7337887419624838,3.505853407270779,0.2446594488840512,2.4510125175432287,4.185468369564667,1.7344558520214384,-1.907114151507875,0.44283476772046937,4.075407979564708,14.609164891265166,31.15837149963786,37.93428568772059,3293.172
B0006,46,0.856662956020367,1.713325912040734,3.5010379345914444,0.24386408714192456,2.471216186082459,4.184201889006967,1.7129857029245086,-1.8953541357988335,0.46674450600859174,3.815784785689976,12.560380644051824,31.15661421699882,37.88470784051604,3275.328
B0006,47,0.8512038906836733,1.7024077813673466,3.4974076626364967,0.2449470978445508,2.470968641396993,4.185838836583766,1.7148701951867733,-1.8892713805954209,0.47839566157516394,3.699011205721749,11.682855634717393,31.206611383963256,38.065368726791895,3265.016
B0006,48,0.911859730890915,1.82371946178183,3.5388872766749144,0.23131188059689844,2.4288023941361625,4.1729165619005535,1.744114167764391,-1.9819359924929794,0.23678431221333915,8.258785245999919,66.20991801557668,33.61169282822636,39.788440481350335,3328.937
B0006,49,0.9040642025157354,1.8081284050314708,3.5327430295356828,0.24214221411645198,2.3551430866643166,4.186982012423103,1.8318389257587864,-1.9653277079992455,0.29804523507464725,6.4436152643679945,39.52123557273223,32.85630077141311,39.212903178007906,3329.266
B0006,50,0.8878805472517142,1.7757610945034283,3.521214759733266,0.24555349683837133,2.365933525789291,4.186537777937825,1.820604252148534,-1.9470636598230844,0.3494490754391079,5.396453342635718,27.122221256422996,32.210981559158874,38.66937823121345,3301.579
B0006,51,0.8723704920918399,1.7447409841836798,3.5093111439506677,0.24899377647718807,2.3481961394586457,4.182282350256796,1.8340862107981502,-1.9241628426386395,0.4067688890492981,4.521481838070814,18.44413852575875,31.965090081650274,38.5170065164806,3283.563
B0006,52,0.8646035170661865,1.729207034132373,3.50716091973708,0.24280577853247837,2.46945948630322,4.185961817428056,1.7165023311248357,-1.9124470439353747,0.43239344250512807,4.199854136169296,15.639024097676938,31.744801840189538,38.29250529949152,3275.125
B0006,53,0.8540543276276622,1.7081086552553244,3.500928918686389,0.24340995343165625,2.4666715880697576,4.1836566973224585,1.7169851092527009,-1.8950209973545986,0.4673889510176218,3.8092425587165644,12.510536578327086,31.876564068962466,38.52091685291118,3265.656
B0006,54,0.8487977118730884,1.6975954237461768,3.4973019898820894,0.24572836684936364,2.4482931262785135,4.184390004467988,1.7360968781894748,-1.8837082435178907,0.4888913093946917,3.5959009681136824,10.930671129442969,32.24289319481841,38.95436345473558,3266.093
B0006,55,0.8410317262014732,1.6820634524029463,3.4929038301187156,0.24423052293390088,2.4745215382882586,4.184732708741646,1.7102111704533876,-1.871665199438006,0.5096556977569098,3.4020381686833416,9.57397440089886,32.07305565938816,38.731363854696035,3257.594
B0006,56,0.8357384161147543,1.6714768322295086,3.488659224822318,0.24525111740310895,2.469127855241356,4.185835940524748,1.716708085283392,-1.8654809345089407,0.519890952842277,3.31019433500861,8.95750844192338,32.030140929891196,38.74827601131975,3248.593
B0006,57,0.8303795693523828,1.6607591387047655,3.4822930804774015,0.2493099528019541,2.4177173347922416,4.185703389994729,1.7679860552024875,-1.8592903578575999,0.5300532307868653,3.2231541537423376,8.388838987679698,31.984935871368258,38.84227056628921,3238.766
B0006,58,0.8255605075190345,1.651121015038069,3.477575664197982,0.2518559097122119,2.3775131079338427,4.184887437252902,1.8073743293190594,-1.848156298789804,0.5484139851314983,3.073275813333142,7.445119486776644,32.23677365476226,39.221381996208315,3240.14
B0006,59,0.8200674628095465,1.640134925619093,3.4787436506489255,0.24779761665897745,2.443723814618984,4.1845671326128535,1.7408433179938694,-1.8415742473538441,0.5580136833627395,2.998017818963134,6.988213507487778,32.56097148037261,39.466510899162515,3230.109
B0006,60,0.814599970808272,1.629199941616544,3.4740152461288862,0.2481747009528209,2.4324278256917147,4.184590722398005,1.7521628967062899,-1.8297533943331723,0.575235056243686,2.8683813894548718,6.227689209017015,32.48984985901219,39.352653481724175,3229.7810000000027
B0006,61,0.8044248151480833,1.6088496302961666,3.4718387718772696,0.24261413170873083,2.494085641889116,4.181227276564003,1.6871416346748864,-1.8170860697729954,0.5930027640181769,2.738462711456379,5.499701605917652,32.42612199208859,39.31890647034385,3212.469
B0006,62,0.8017622449484624,1.6035244898969248,3.463180130644551,0.2507840258118639,2.382347172890769,4.182601669503782,1.8002544966130132,-1.8111560774496664,0.6010105168060946,2.682936324546421,5.198217037200941,32.29984271249387,39.47196886600465,3213.219
B0006,63,0.7994856072013992,1.5989712144027983,3.463469391967206,0.24915606885731165,2.406668297987779,4.183991041340736,1.7773227433529568,-1.8113056300795982,0.6017500789250887,2.677485635218992,5.1690631121980335,32.610757585145336,39.74009698783903,3203.578
B0006,64,0.7938136561787802,1.5876273123575604,3.46021805164007,0.24908673342769075,2.4204142690378765,4.182425008087469,1.7620107390495923,-1.803802475704306,0.6101520531890412,2.618613648209476,4.857189369376977,32.25699351958767,39.03600072360686,3195.125
B0006,65,0.7914859872343083,1.5829719744686166,3.462574876665621,0.24697579942244163,2.4507845245525193,4.190985194174346,1.740200669621827,-1.7982439953659044,0.617976822972795,2.567128088431419,4.590201071772718,32.47193402838835,39.16106395962828,3195.312999999994
B0006,66,0.7835688183567815,1.567137636713563,3.4537077937586056,0.24885304995083596,2.3930328819230717,4.181860480163402,1.78882759824033,-1.7857963808615818,0.6334341515285368,2.464368995168486,4.07315900719738,32.40219271195367,39.20051799483514,3186.297
B0006,67,0.7806723069856941,1.5613446139713882,3.4514035349888337,0.24921586467170184,2.3938995980718403,4.183449364094532,1.7895497660226916,-1.7850748194527644,0.6343837459996637,2.4591039165488926,4.047251034675875,32.30987415652578,39.15878418316098,3176.438
B0006,68,0.775585594639521,1.551171189279042,3.450781146333252,0.24567669681511736,2.4373294683003053,4.182943907496545,1.74561443919624,-1.7785916660457872,0.6423674423126489,2.407699748106789,3.797069672344569,32.35440526839345,39.18225956809825,3167.593
B0006,69,0.7703370803147586,1.5406741606295171,3.446105572450592,0.24962188792505383,2.3705330061374523,4.182592999177517,1.812059993040065,-1.7727874712030285,0.6495580854343683,2.3630797204327485,3.5842069417984685,32.4731363791227,39.38159156766375,3167.719
B0006,70,0.7626569372312216,1.5253138744624433,3.4418152533277135,0.2491351218055252,2.351294851260762,4.1775564354981025,1.8262615842373404,-1.7601807681971697,0.6641426527717407,2.2729052170792396,3.1661528720514687,32.52334649341759,39.44712875501599,3159.077999999994
B0006,71,0.7650785159033714,1.5301570318067428,3.445008015985666,0.24515645977476563,2.436845595522602,4.183199732433941,1.7463541369113393,-1.7653027883569696,0.6581647774776609,2.3095500486885534,3.334081599133137,32.518264823491045,39.40950590627068,3148.829
B0006,72,0.7623283417237045,1.524656683447409,3.441164687975023,0.24787050297865929,2.39030487147494,4.183585552184287,1.7932806807093464,-1.7593486488770236,0.6651496523287127,2.2677700450450855,3.1428376101009334,32.5437072434024,39.48443326993031,3149.094
B0006,73,0.7572746493327714,1.5145492986655429,3.443620591429828,0.24096251553880954,2.4892160721496315,4.183170360974043,1.6939542888244117,-1.7526167898737661,0.6726676811790744,2.2221399766724805,2.9379521640503157,32.56222309600736,39.4416762582387,3140.547
B0006,74,0.754695752301041,1.509391504602082,3.439943269617906,0.24353482853815805,2.450611393803655,4.183501501534186,1.7328901077305314,-1.7516949849801624,0.6736465926241109,2.217007964708258,2.9151737537088787,32.58978020040808,39.53866201326228,3131.625
B0006,75,0.7519987166525351,1.5039974333050703,3.43602719305159,0.2459685169781646,2.4111946043456745,4.183243008796117,1.7720484044504423,-1.7510429704034998,0.6743880868507957,2.211876985377527,2.89244145292996,32.57089563557426,39.5867547936938,3121.907
B0006,76,0.7467600959020094,1.4935201918040188,3.436309312279291,0.24193469981008514,2.4609139768640715,4.182038001412004,1.7211240245479327,-1.7388746112390865,0.6875098760181514,2.1345260701266957,2.5562373676676975,32.537854347094196,39.499752884420865,3122.125
B0006,77,0.7438161512248711,1.4876323024497422,3.430470227771154,0.24765745345800488,2.378420264362521,4.182440318401142,1.8040200540386206,-1.738622547139575,0.6874126065884919,2.134517939249035,2.5562152152447553,32.65645090520509,39.9686395722832,3121.672
B0006,78,0.7651438107200852,1.5302876214401704,3.4417311090871063,0.25106300976323476,2.3844697219937414,4.189962701965466,1.8054929799717243,-1.7870762809520677,0.6320451725781171,2.4748548614258,4.124959834616086,33.180785234653264,40.42668250871336,3120.86
B0006,79,0.7520380044180056,1.5040760088360112,3.4355429213552537,0.24421421592227435,2.448639661640692,4.181214475643097,1.732574814002405,-1.7612682208672186,0.6625185365340356,2.2835260567044173,3.214531184030986,32.71220835503141,40.02451449021777,3103.828
B0006,80,0.7443796804365447,1.4887593608730894,3.4272336842373576,0.2491054125036862,2.362869757217078,4.182157933832856,1.8192881766157778,-1.7545532300777185,0.6702555519871065,2.2367191429059177,3.002952243237866,32.54394388900791,40.02167483360719,3095.094
B0006,81,0.7391389642773318,1.4782779285546637,3.4307536518687556,0.2401828794282919,2.479712742728869,4.1802491747767325,1.7005364320478633,-1.7364250156958492,0.6902995946833612,2.1192344025185315,2.491206925974952,32.6655410721976,40.078211781584145,3095.781
B0006,82,0.739229991107842,1.478459982215684,3.430880434209888,0.2416248362988706,2.4609902569842412,4.182775550999248,1.7217852940150071,-1.7371686757879778,0.6901938590679467,2.1192347115670325,2.491198939282194,33.160922870564626,40.565789328351094,3094.328
B0006,83,0.7366074224499864,1.473214844899973,3.431984614031654,0.24075805090643415,2.4794507375590507,4.182970513713943,1.703519776154892,-1.7358183569582517,0.6909643228530621,2.1141214450196797,2.4695552401147065,33.414445545408455,40.75221353269305,3086.531
B0006,84,0.7337582467533948,1.4675164935067897,3.426913589626702,0.2439040942095866,2.421513989921717,4.182588389688278,1.761074399766561,-1.7297302660430056,0.697508246759448,2.0771766426192624,2.3147057257898513,33.3541679486525,40.71162611325717,3085.625
B0006,85,0.7258146328760668,1.4516292657521337,3.4220422356705154,0.24542766996075077,2.3927989623544175,4.180388252515709,1.787589290161291,-1.7278671098991139,0.6991910065982325,2.0669670164763465,2.272390368094899,33.13634596100404,40.58721297402195,3067.203
B0006,86,0.7259618860483588,1.4519237720967175,3.4202687142856667,0.24489831129108391,2.410475236770924,4.182476201666448,1.7720009648955242,-1.7269073147637581,0.7000741087207132,2.0618418730048487,2.251232555359814,32.92241762841388,40.37035790264624,3058.157
B0006,87,0.7235742347388872,1.4471484694777743,3.4248208106770663,0.23908593550426926,2.4915333699239977,4.182567814531136,1.691034444607138,-1.7211995934038338,0.7063457700888195,2.02597609079237,2.104612807170774,33.20338483123576,40.667923693760464,3058.812
B0006,88,0.7234269052829942,1.4468538105659885,3.4234990883192666,0.24193145802730381,2.444861994529003,4.182606347806988,1.7377443532779853,-1.721141114732718,0.7062879072254995,2.0259772775836327,2.104627771639999,33.533950654066935,40.990356883952465,3058.578
B0006,89,0.7208370965142339,1.4416741930284678,3.4247420964314874,0.23977366314290413,2.4840755398082255,4.183047552179642,1.6989720123714163,-1.7200547727480755,0.7073947804841111,2.020864517754573,2.083929441611188,33.5767934055627,40.99774402817451,3049.328
B0006,90,0.7967933296550064,1.5935866593100128,3.450702139255875,0.250237473470747,2.479017302613424,4.222516216835943,1.7434989142225188,-1.8210481343824243,0.5878723902180896,2.774497943823371,5.697915794475717,33.224088400657315,40.77265883698999,3177.219
B0006,91,0.7731951188457818,1.5463902376915637,3.4480475429907522,0.24326180367661507,2.4820670710190385,4.1909374470770855,1.708870376058047,-1.821445703423604,0.5876960128492276,2.777906258169085,5.716841916493976,33.37083344726966,40.522204934304625,3082.937
B0006,92,0.757352795878305,1.51470559175661,3.4399481891896455,0.24279973577758912,2.452449045714353,4.183028520369727,1.7305794746553742,-1.7899159936953069,0.6287722600386945,2.4968595148293438,4.23436965957964,33.43366634309322,40.57746834859555,3074.266
B0006,93,0.7494893041667702,1.4989786083335404,3.434112914501242,0.24486483039745452,2.4198491932573414,4.1838942747302825,1.7640450814729411,-1.7769345930773324,0.6443756633067926,2.395132068482835,3.7367141293274155,33.28676739403043,40.516963879873735,3066.0
B0006,94,0.7415555372705246,1.4831110745410492,3.4325600940363916,0.2414737157040252,2.4706823501191706,4.1839835007856605,1.71330115066649,-1.7640032117743045,0.6596774682746239,2.2999546741857415,3.2898417361480847,33.14347737377552,40.34325381638243,3056.437
B0006,95,0.7364832412734139,1.4729664825468278,3.4270614887575657,0.24463054330051395,2.413759774558071,4.183640209073579,1.7698804345155086,-1.7571701008871028,0.6676978597082809,2.2519178418280283,3.071181899542447,33.11021541795579,40.39341126895154,3048.219
B0006,96,0.7313802198049654,1.4627604396099307,3.427340316812041,0.24185423597053712,2.4562499847243027,4.183387047926521,1.7271370632022185,-1.7502670210777267,0.675333178611846,2.205257492978722,2.863215806025454,33.18991802149879,40.46341487442664,3039.218
B0006,97,0.7259182340531257,1.4518364681062514,3.423482197888437,0.24502086656543,2.401794655879554,4.18356344388626,1.7817687880067057,-1.7439614243216512,0.6822341753195524,2.1651411203117554,2.6878839791085145,33.26265398635676,40.5818264138806,3039.047
B0006,98,0.7234335322015196,1.4468670644030392,3.4220957701069374,0.24405932801680916,2.4087687236133313,4.18171248971767,1.7729437661043388,-1.736850855663561,0.6897837526705198,2.1209766852010974,2.4985931536076214,33.299978841087025,40.61670777074496,3030.375
B0006,99,0.7206901997138895,1.441380399427779,3.421883545422636,0.24286977341458138,2.4308118485818704,4.1832473219705815,1.752435473388711,-1.7360045229798653,0.6907275433832999,2.115747020812196,2.476433092613303,33.31663547841367,40.63164766168104,3021.0
B0006,100,0.715605372480387,1.431210744960774,3.4195777411151886,0.24466652732217245,2.398886415333129,4.183049768329545,1.7841633529964165,-1.729690117077797,0.6973512566768086,2.077970100052303,2.317998985966245,33.39150630507064,40.74323383889164,3021.75
B0006,101,0.7130123589762858,1.4260247179525716,3.4175281789596474,0.24572229740198898,2.3814379490849835,4.1830924980863315,1.801654549001348,-1.7287954627467013,0.6981361664490334,2.0727576356054724,2.2963598152411784,33.41522427488497,40.81715493531611,3012.265
B0006,102,0.7102438249830975,1.420487649966195,3.4197860540725715,0.24072830824572447,2.459885297095542,4.181536580807847,1.7216512837123048,-1.7216729981632184,0.7057008972546365,2.0308487716938717,2.124384910449365,33.39690850726103,40.72877617289365,3002.641
B0006,103,0.7103503115177503,1.4207006230355006,3.4171369298988705,0.2410676672421855,2.4007285025453995,4.172034399629829,1.7713058970844293,-1.7228162229694663,0.7047731230966315,2.0360464262319025,2.145520837418016,33.73731993653,41.45494452672042,3012.0
B0006,104,0.7261279021654194,1.452255804330839,3.4305347141293625,0.23991735978462073,2.472830716079143,4.188427549455566,1.715596833376423,-1.7486639022205694,0.6776895899344237,2.1946758388429735,2.8166647051751568,34.08965316576344,41.39678877103747,3020.11
B0006,105,0.7157788163862855,1.431557632772571,3.4250844180972875,0.23957632907127516,2.467318928642863,4.181499335679726,1.7141804070368631,-1.7345160724760174,0.6925158045467313,2.1052523312955516,2.432124638307979,33.9987286593769,41.36669473718026,3002.172000000006
B0006,106,0.7075078755794715,1.415015751158943,3.4171339862792935,0.24514155027152784,2.3692462667540997,4.179546243153898,1.8102999763997984,-1.7271570233190525,0.7000238827133731,2.062297414745546,2.253112821798063,33.907397114007345,41.37787352037061,2992.703
B0006,107,0.7048655753258726,1.4097311506517451,3.417521467040602,0.24118996831184453,2.448261859512487,4.18101558225098,1.7327537227384933,-1.7305179027385762,0.6961800078331686,2.0840516335222663,2.3434422138779585,33.70518417605219,41.140956091698214,2964.468
B0006,108,0.7024586590646545,1.404917318129309,3.4181623236680356,0.24023254474076214,2.4598632768748825,4.182667734360821,1.722804457485939,-1.7141443638380731,0.713769009765717,1.9847785191353824,1.939381555353389,33.7458832944166,41.2168813199875,2983.375
B0006,109,0.6975821482857815,1.395164296571563,3.420331935905118,0.23704110865142283,2.497869764845928,4.179947555799937,1.682077790954009,-1.7067823273466607,0.7208414875767243,1.9448817680575368,1.782598218585484,34.01657212624259,41.40391881889191,2975.297
B0006,110,0.6972671916307038,1.3945343832614077,3.4192916311692465,0.23940658854934618,2.472236707252471,4.182316086490744,1.7100793792382727,-1.7063596521950197,0.720844710362304,1.9448739925243512,1.7825767250616682,34.175023374593785,41.586571331198584,2974.9850000000006
B0006,111,0.6946585589656322,1.3893171179312644,3.414352330355796,0.2425959125992081,2.4278749904763077,4.18300582450457,1.7551308340282623,-1.7052696591517462,0.721833425434306,1.9396089659323787,1.7622703231496892,33.976109677640174,41.43504077863728,2966.25
B0006,112,0.6919189736163904,1.3838379472327809,3.412701167144591,0.24259041351261373,2.4275905200235055,4.1825046060820625,1.754914086058557,-1.7046265574439607,0.7225430721555794,1.9344552586269381,1.7422061165748453,33.84150372451663,41.37436880579148,2956.359
B0006,113,0.6868407119097562,1.3736814238195123,3.410409522809144,0.2447459779308061,2.37337869163978,4.179533028548021,1.8061543369082411,-1.6985503106996724,0.7290183585855321,1.9007243173741293,1.612780108172517,34.1008464215818,41.66477948989921,2956.344
B0006,114,0.6893029945931838,1.3786059891863676,3.414419320260644,0.2421506300810272,2.4248604132549767,4.18250512422575,1.757644710970773,-1.6982347588599789,0.7287515618375688,1.900720757065703,1.6127760821671382,34.34663683304219,41.81816829502593,2956.406
B0006,115,0.6868800149554287,1.3737600299108574,3.4131710032395315,0.24261719722918695,2.426962848243194,4.1828227593786,1.7558599111354058,-1.6971165805711323,0.7298100948222105,1.8955251322827746,1.593052577790866,34.216231530637586,41.686647000781186,2947.266
B0006,116,0.6841290291971356,1.3682580583942712,3.4107019261975147,0.24354918786594648,2.417287750352038,4.182413969607667,1.7651262192556296,-1.6959199401004303,0.7311075512935266,1.890320214825533,1.5733459269660601,34.041617020161176,41.565382893773936,2937.984
B0006,117,0.6816512018658752,1.3633024037317505,3.4089059214760367,0.24374441129102342,2.4185087281747166,4.182451170946608,1.7639424427718917,-1.6953163120957457,0.7318900545211962,1.8851039665869445,1.553648570512748,33.890212870710734,41.46394809540406,2929.125
B0006,118,0.67904830700863,1.35809661401726,3.4134080258317576,0.23949329489653742,2.480937393224248,4.181305580928812,1.7003681877045635,-1.6890383512433216,0.7377818063462686,1.8522430512715204,1.4308378205582057,34.116762412437,41.6123634180086,2928.454
B0006,119,0.6766345454997655,1.353269090999531,3.411221044859532,0.2431681152913037,2.4078214169511205,4.1804870315884735,1.772665614637353,-1.689240311218937,0.7378539634540037,1.8522421417524846,1.4308353902191318,34.490493589415046,42.0075404495327,2929.375
B0006,120,0.6920802869118744,1.3841605738237488,3.4155210852213678,0.23758062010344097,2.433234589649132,4.163570261072192,1.7303356714230604,-1.7102007614808157,0.7174252697264778,1.96388724832945,1.8568859872204078,34.23744800906639,41.61679232360952,2946.031
B0006,121,0.7025733895325736,1.4051467790651473,3.4229838362549794,0.2418235620691341,2.440822893388958,4.190012868765637,1.7491899753766784,-1.730244918610445,0.6973693285806507,2.078768253153541,2.321372645525945,34.41428886050454,41.80245062827161,2955.438
B0006,122,0.6893595113136765,1.378719022627353,3.414757022019347,0.24452878253982535,2.396078253891397,4.182418011462176,1.7863397575707793,-1.7152465923901479,0.7121617753005014,1.9941387136151039,1.9766211562652343,34.16445180476378,41.653004783464006,2937.625
B0006,123,0.6841328891599533,1.3682657783199066,3.41435871627236,0.24191122340111867,2.449306948268824,4.182070839014939,1.732763890746115,-1.7013404928191733,0.7256641483192122,1.9187936084370765,1.6818023924235792,33.877146811272176,41.36061809844917,2929.078
B0006,124,0.6786575648309008,1.3573151296618016,3.4091886698418046,0.24644620841099862,2.384185417166802,4.182701902443236,1.7985164852764344,-1.7004366132157598,0.7265368649069731,1.913539997556968,1.6616687845356113,33.839566254190565,41.42815616511055,2918.375
B0006,125,0.6762467319400798,1.3524934638801596,3.411930366643558,0.24298064387616258,2.4440756213040964,4.182270325485355,1.7381947041812587,-1.6873533635265772,0.7384886031504588,1.847034999900657,1.4115666958887214,33.818304796930946,41.343265645039,2919.812
B0006,126,0.6737049575830618,1.3474099151661236,3.4094417183837504,0.24430319515549775,2.4296014294774673,4.182394535290608,1.7527931058131405,-1.6919294969110734,0.7347285295063715,1.8693694124342843,1.4945753507292228,33.812621135472135,41.38118673567723,2900.422
B0006,127,0.6685037565421159,1.3370075130842318,3.4081896097479882,0.24571559866572162,2.41022288115442,4.182061947471753,1.7718390663173325,-1.6852952939579415,0.7407257018236468,1.8365768568682295,1.373043923983703,33.79894614410012,41.378450473707446,2901.375
B0006,128,0.6656176483359263,1.3312352966718526,3.40737851449911,0.24620777882888722,2.4098927032454966,4.182288987105723,1.7723962838602265,-1.6787428835073943,0.7466443851634074,1.8045701807992038,1.256502045555279,33.702723745621576,41.306600641009794,2901.187
B0006,129,0.6629651890863822,1.3259303781727645,3.4085862639015,0.24348214975356172,2.453938411405305,4.179662143533188,1.7257237321278835,-1.6712137513430336,0.7534012292601401,1.76809852971191,1.1261968959908648,33.63562651984647,41.20408103671912,2891.64
B0006,130,0.6607893719337645,1.321578743867529,3.404843616147767,0.24770635723412432,2.3940396792395253,4.181392635232333,1.7873529559928079,-1.6768931248947172,0.7486485013416443,1.7941001189914423,1.2188224474618163,33.690724061796516,41.32955629442644,2882.906
B0006,131,0.6606125370330544,1.321225074066109,3.4081057374178703,0.24461981189701218,2.45134737470238,4.182099866234647,1.7307524915322667,-1.6701186583642826,0.7545133516985317,1.7628785592663652,1.1077682667003694,33.71317033815572,41.300370296451625,2883.265
B0006,132,0.6578242650931341,1.3156485301862682,3.4091728540380735,0.24380226014783457,2.475014603796582,4.182054276922838,1.7070396731262565,-1.6634753413292604,0.7602099702768097,1.7323645407512807,1.0011148988825846,33.65376593260611,41.243646229563595,2882.969
B0006,133,0.6604512848751194,1.3209025697502388,3.4110817622184233,0.24138857479481324,2.4569179775419294,4.168816046299314,1.7118980687573848,-1.6645875549232958,0.7591691993982391,1.7375672870995036,1.0191635430061927,33.983578066068176,41.36464929786556,2891.656
B0006,134,0.6737164383636953,1.3474328767273906,3.4167486246717154,0.24497612294122462,2.438240626221148,4.190149239555381,1.751908613334233,-1.6918384605140158,0.7346364622780434,1.8693698589629966,1.494576901375015,33.816348135475515,40.89285784811417,2901.25
B0006,135,0.6630064036176808,1.3260128072353616,3.4169689184247174,0.24227653694659962,2.4946397780995584,4.187196878135145,1.6925571000355868,-1.6711981411684524,0.7535373254787405,1.768099745365801,1.1262009067103156,33.60692030225909,40.652964511118334,2891.703
B0006,136,0.6550593392415532,1.3101186784831065,3.4105763913818787,0.24610776312677587,2.4367455144223555,4.18232296515852,1.7455774507361648,-1.6632769410531225,0.7602661620250699,1.732364390325751,1.0011106037336317,33.47350597721994,40.58410707337388,2883.016
B0006,137,0.652608101146965,1.30521620229393,3.4113335283009314,0.24406911107689158,2.485868996808533,4.1822817387062585,1.6964127418977255,-1.6559085740676296,0.7667495947329943,1.697327587089251,0.8809470645476019,33.209178727620106,40.322783635307104,2873.453
B0006,138,0.6502030975677887,1.3004061951355774,3.4081283345557187,0.2486344709147781,2.3957550201907916,4.181394192711236,1.7856391725204448,-1.656100922060331,0.7667608374913484,1.697328751873097,0.8809473346590062,33.58088963686094,40.78032921971219,2874.031
B0006,139,0.650117867920558,1.300235735841116,3.4125732422699135,0.24562470719717325,2.4504684570147006,4.182109437180301,1.7316409801656008,-1.6493259508429792,0.772228714204998,1.668151979569513,0.782759346456241,33.76400861956033,40.85731522464202,2874.234
B0006,140,0.6447533361240378,1.2895066722480757,3.407693686560286,0.24975273339092707,2.3942028718004007,4.181210531150237,1.787007659349836,-1.6481131076816375,0.7731245144778002,1.6629541043387004,0.7654485429005504,33.57003564415372,40.74860220857894,2864.984
B0006,141,0.6396265286923974,1.279253057384795,3.4073499608041957,0.24862385895293537,2.4303844034459368,4.180183763169455,1.7497993597235184,-1.6402541382604887,0.7793479123932031,1.6292247053996989,0.6544062432652988,33.272050895552354,40.47227623020843,2855.093
B0006,142,0.6396039085857309,1.2792078171714618,3.409292163767801,0.24699673938901665,2.4755630989048205,4.181641969595387,1.7060788706905665,-1.6339151095418003,0.7850126547127957,1.6012727006054848,0.5640970017318381,33.12740933210319,40.28187574900838,2855.625
B0006,143,0.6370183804514615,1.274036760902923,3.4095492354804775,0.24799161343223997,2.446712151873903,4.1818501497507565,1.7351379978768535,-1.6340244573659812,0.7851240850970459,1.6012733461556106,0.5641051599587179,33.439116773449626,40.637565231244686,2855.594
B0006,144,0.6370636961500734,1.2741273923001468,3.410318915287339,0.24780727886656098,2.46071120182069,4.1817089329030335,1.7209977310823437,-1.632488007933941,0.7861787494110996,1.596081097979049,0.5475018031734349,33.482874768414376,40.64243349478575,2847.437
B0006,145,0.631881971322039,1.263763942644078,3.409269478846637,0.2485126941242149,2.4619788522973796,4.178725976011113,1.7167471237137333,-1.6192610042624402,0.796433708568786,1.54187191762892,0.3773924368090311,33.22136307064441,40.38713367022122,2847.36
B0006,146,0.6290686844477617,1.2581373688955233,3.4094374435069095,0.24785081701040934,2.4999079970509284,4.181148894438262,1.681240897387334,-1.6178242977824624,0.7975336676909265,1.5366923041314877,0.3614471169365925,32.98562738901426,40.15316398972329,2837.328
B0006,147,0.6266299320276505,1.253259864055301,3.403885091976961,0.2536325963953785,2.4061574188511727,4.181246648937272,1.775089230086099,-1.6181015728870058,0.7972314769163535,1.5366913658937262,0.36144563968647514,32.970182781539556,40.26211669866818,2837.281
B0006,148,0.6266156657746713,1.2532313315493426,3.4065929107527846,0.2530513297922528,2.40921365026611,4.1821248744689274,1.7729112242028173,-1.6180985297864203,0.7975429399919411,1.5366943179603079,0.3614569808840158,33.31018716138479,40.65437976632703,2838.515
B0006,149,0.6240437480156787,1.2480874960313575,3.4095930016592684,0.24949951811862411,2.4705399687343235,4.179545017207998,1.7090050484736743,-1.6103535053387172,0.8036046939062108,1.5051951533889891,0.26563637778594806,33.23406652671602,40.41021687551566,2828.328
B0006,150,0.6267177142472422,1.2534354284944844,3.409409922814414,0.24542203152224681,2.4996841687041944,4.164241788212258,1.6645576195080634,-1.611644410040853,0.8024149556477131,1.5103818306366383,0.28127182551464447,33.117656712920734,40.49521984011741,2838.265
B0006,151,0.644902438663345,1.28980487732669,3.4195489282896943,0.24707539060227918,2.4839695531514434,4.189238693156103,1.7052691400046593,-1.6420364978388977,0.7786975534845751,1.6344092828672774,0.6713237096856495,33.784170366860046,41.357879741754175,2864.547
B0006,152,0.6317701010879418,1.2635402021758837,3.4151799904187996,0.24848460233226807,2.4675402264113453,4.180842923747738,1.7133026973363927,-1.6194806393973795,0.7963677470483693,1.5418741231903914,0.3773983743126794,33.806439563441614,41.37902988743146,2846.39
B0006,153,0.6239880853421426,1.2479761706842851,3.4154594925159083,0.24847342262534072,2.4946438160388325,4.18123823034649,1.6865944143076574,-1.6048643562670923,0.8073736815947108,1.4845601766250953,0.20394299544884387,33.63735785291911,41.20920760771975,2837.969
B0006,154,0.6160601438971667,1.2321202877943334,3.4130336456755868,0.251755114927751,2.4577382116375843,4.1798277092808815,1.7220894976432972,-1.5916400783224371,0.8172445185870438,1.4343055919818937,0.05725025074383927,33.58195933847606,41.20630554355683,2838.156
B0006,155,0.6135568833106767,1.2271137666213534,3.409452435657409,0.25584289767475976,2.40986495422137,4.180792839927961,1.770927885706591,-1.5901105081883435,0.8184044710265609,1.429149275105203,0.04248542960405466,33.56245583951572,41.28239317323536,2829.843
B0006,156,0.6108698790688678,1.2217397581377356,3.4138496008165014,0.2526075741654633,2.479418189447868,4.181365190126037,1.7019470006781692,-1.5767754479909835,0.8276512934901961,1.3806436351779199,-0.0938047886843445,33.5111267532655,41.1595683576961,2829.625
B0006,157,0.605551339457587,1.211102678915174,3.410900672125043,0.2558413745088106,2.434585389303289,4.180594670510683,1.7460092812073937,-1.575262673173442,0.8286780991319167,1.3754871701819353,-0.10801435592546182,33.53675907012135,41.230427315370186,2819.437
B0006,158,0.6028079882565868,1.2056159765131735,3.4105744140130074,0.25741131807211914,2.425682710641569,4.181424135030176,1.7557414243886074,-1.5684640005188113,0.8331275074290729,1.3518487882580235,-0.17248690148776546,33.49803069556778,41.21487873613708,2819.579
B0006,159,0.6004468131358637,1.2008936262717274,3.4096514247359915,0.258630171202855,2.417924401749313,4.181921994951423,1.7639975932021095,-1.5671286757845893,0.834339199917223,1.346681691139062,-0.18642796196631384,33.516977262709986,41.27439823262361,2810.672
B0006,160,0.5952951992779169,1.1905903985558337,3.412857837344254,0.25665911002756053,2.4541577949851603,4.179593598747663,1.7254358037625024,-1.5537993411647462,0.8433112637469296,1.3005447863505784,-0.3085648081564547,33.531923269271225,41.237668013317766,2811.485
B0006,161,0.5925896255209705,1.185179251041941,3.4134509017056525,0.25677091136637126,2.463616101176541,4.180557596235595,1.7169414950590545,-1.5521827524962775,0.8440916037889512,1.295377747826759,-0.32197460685624657,33.567636169584304,41.24068073261839,2802.422
B0006,162,0.5898353409072312,1.1796706818144624,3.414388187503409,0.25727620633883347,2.470375229475307,4.181414159913002,1.7110389304376952,-1.5452652929126824,0.8484593754616506,1.272845274129264,-0.37984766733255126,33.60493096509702,41.28133907077437,2801.625
B0006,163,0.5872976418376958,1.1745952836753917,3.412419038813061,0.26037501524984086,2.4357634426689945,4.180815073540562,1.7450516308715676,-1.538651770825325,0.852788066566617,1.2506594650283185,-0.4358278178142756,33.54281440778599,41.28338645880181,2802.031
B0006,164,0.576909165798125,1.15381833159625,3.4148103057455175,0.2571955455440004,2.481190011798763,4.1697037841892834,1.6885137723905204,-1.5169723774339863,0.8662067028044486,1.1808361025811822,-0.6056051638015352,33.472459360982775,41.149193043289586,2793.39
B0006,165,0.5822004778686132,1.1644009557372264,3.4166177332601,0.25830408111899933,2.491537251958465,4.180283727512206,1.6887464755537414,-1.5238501013926742,0.8618411900618512,1.2020803522721244,-0.5549835641107781,33.58210389885497,41.26268252018065,2793.39
B0006,166,0.5793987473958034,1.1587974947916069,3.4121341541171764,0.26417229625403366,2.40904100737121,4.181170015245673,1.772129007874463,-1.5237928146868023,0.8618851863140047,1.2020742936281907,-0.5549981892029461,33.6634605108384,41.45791806300034,2792.485
B0006,167,0.5874874417384586,1.1749748834769171,3.419700177568569,0.2533363813667731,2.475767645530351,4.1575524997258,1.6817848541954494,-1.5391310859398721,0.8526242406974834,1.2506603509141743,-0.43583646278492694,33.730546074122294,41.11666214070682,2802.016
B0006,168,0.5928376163964678,1.1856752327929356,3.4234687742187893,0.26235348721978574,2.4160441724133666,4.188511527828155,1.772467355414788,-1.5426703969635052,0.8509716769739258,1.2609706176274087,-0.40993394296667063,33.8912822372509,41.36263766174168,2820.39
B0007,1,0.945526147695395,1.89105229539079,3.522006703394617,0.2881775974288166,2.145975766935391,4.199497433806136,2.0535216668707448,-1.8691188840185695,0.47650762856966966,3.6716630369599708,11.481324060379265,32.62485875142121,40.59042914535701,3690.234
B0007,2,0.9403185138434295,1.880637027686859,3.5319490434317116,0.2804252710784406,2.1110166987852117,4.198510349854315,2.0874936510691033,-1.8680422715350309,0.4778200874778309,3.6603609950519482,11.398416388917289,32.738209593287145,40.26023408628707,3672.344
B0007,3,0.9403313358505694,1.8806626717011388,3.5344025220217845,0.2844568598122299,2.0251085128182655,4.198280074112568,2.1731715612943026,-1.877784734502072,0.4595967420682135,3.8453355925214012,12.786786011127582,32.68511456550919,40.27558633997852,3651.641
B0007,4,0.9403854504916722,1.8807709009833444,3.53492504932652,0.29083757862587983,1.922542180649595,4.198267468745592,2.2757252880959973,-1.8875256535871225,0.4403601314030101,4.05634055537775,14.454108408668105,32.554748499572646,40.29314715799111,3631.563
B0007,5,0.9397254364142528,1.8794508728285055,3.534536640068787,0.2929624493875082,1.871159045064988,4.198464224146956,2.327305179081968,-1.8871559747738404,0.440591196422929,4.056325366637215,14.4540004118669,32.46787845303298,40.26887263021979,3629.172
B0007,6,0.9403501758558702,1.8807003517117404,3.5411626672196816,0.2674296832861652,2.1756867065903434,4.197967993115647,2.0222812865253035,-1.8675154082122565,0.47875539672353196,3.649003249038935,11.315386353209451,32.48624734055599,39.67620802332074,3652.281
B0007,7,0.9399676261783038,1.8799352523566075,3.541165612176161,0.2718843747011349,2.1117887156019437,4.198023461704379,2.086234746102435,-1.8673304059806155,0.47871973809675844,3.6490035548757436,11.31538659599351,32.55779966353037,39.80381766292616,3650.828
B0007,8,0.9407544062019398,1.8815088124038797,3.5494581176357975,0.2736956640024717,2.026250619894166,4.199372697237068,2.1731220773429025,-1.9063154499484403,0.39895726438801615,4.573581464608278,18.918069437195815,32.45374435641106,39.88810476942348,3572.453
B0007,9,0.9348453935192922,1.8696907870385844,3.550280546407974,0.27786179536517747,1.9505894332906035,4.19921182024681,2.2486223869562068,-1.9164259300038171,0.3754267038591207,4.917324036709889,22.180525057759947,32.373246444985035,39.95162250671474,3550.594
B0007,10,0.9350261900695995,1.870052380139199,3.5481347674910286,0.28456281571285647,1.868824706765806,4.198957678253482,2.330132971487676,-1.9165016044519982,0.375197325688978,4.917324056766818,22.180636768619873,32.30534276235138,40.05202185471829,3551.25
B0007,11,0.9350221197094288,1.8700442394188577,3.5484272148956437,0.28966365954753276,1.7896213776724978,4.198832114024662,2.409210736352164,-1.926771167846017,0.3493180384851065,5.3414609650375775,26.53181322584346,32.183319483399806,40.1213838436794,3530.25
B0007,12,0.9298259493883182,1.8596518987766364,3.5560433603714667,0.27678282482268307,1.910336108594535,4.198945227315025,2.2886091187204896,-1.936979366983281,0.3212924444944843,5.867327178297855,32.42626399434174,32.378853181816005,40.174657039770814,3491.016
B0007,13,0.9295373280431104,1.8590746560862208,3.5604849642800684,0.2724503999527536,1.9086884059809104,4.1990513028067955,2.290362896825885,-1.947065774665518,0.28902676327881915,6.596853787529692,41.51989941722181,32.2913249500013,40.016434730174936,3470.281
B0007,14,0.9295042288854616,1.8590084577709232,3.5562872542469752,0.2833819958013048,1.7868782934275431,4.198107645780677,2.411229352353134,-1.946961601670498,0.28914293139850245,6.5968863531158135,41.520003853246806,32.14782797344657,40.16569230743226,3470.0
B0007,15,0.9296811293478524,1.8593622586957048,3.5647746218187324,0.25569125341488724,2.1361343961784502,4.19925638222589,2.06312198604744,-1.946851050742258,0.28972612488972677,6.5778649671389955,41.26973635417857,32.01380948237792,39.46139677634257,3450.297
B0007,16,0.9293677725300518,1.8587355450601035,3.565438928797127,0.2605202370565669,2.0133501283179167,4.199087384946408,2.185737256628491,-1.957406371900557,0.2523975612854689,7.638271870807332,56.34565548248573,31.881310103471357,39.5636595172155,3429.407
B0007,17,0.9239086456610724,1.847817291322145,3.565961679108638,0.26742548192983523,1.8575547668336485,4.199009971925293,2.341455205091645,-1.9680136940585706,0.20715534510646788,9.407296660268095,86.50196960151123,31.854304304240515,39.628948319501816,3409.484
B0007,18,0.9242626458068524,1.8485252916137047,3.572496559005355,0.24501867564544388,2.1657556124208934,4.1985172274243965,2.032761615003503,-1.9680499927642308,0.20784742374409612,9.380609046504848,86.00125418989816,31.856555404576753,39.22534721491488,3390.422
B0007,19,0.924189475925017,1.848378951850034,3.5699492020415136,0.2539924095597841,2.0270686341513207,4.198245740608724,2.171177106457403,-1.9680218912213907,0.20774034620382395,9.380335812923084,85.9976591132478,31.867182607083926,39.4126321606434,3390.281
B0007,20,0.9403902718804884,1.8807805437609768,3.5464338449590023,0.2877922877067573,1.905311669649934,4.196262462698172,2.2909507930482382,-1.9066656790606797,0.39806447016393737,4.587166319943712,19.042634963861627,32.35216872128999,39.95874037686836,3591.734
B0007,21,0.94073607987218,1.88147215974436,3.5531968089006387,0.2891591501467529,1.7951975189442124,4.1969587758867,2.4017612569424878,-1.9267118604677658,0.34835350913108376,5.357054215237211,26.69858658736822,32.60219299451182,40.31302300333008,3552.297
B0007,22,0.9405477156622392,1.8810954313244783,3.5599340214678805,0.2630930215859064,2.1058524852518143,4.197071720130598,2.0912192348787837,-1.9260915660103672,0.34941771040077757,5.341466535137549,26.53185604845153,32.19571819720114,39.359447242364645,3531.578
B0007,23,0.9355044824889998,1.8710089649779995,3.5595604968238,0.27624518003257864,1.846021007590992,4.19690260801443,2.3508816004234374,-1.9468340181835688,0.28831452572297267,6.615780784463813,41.76976277434065,31.805988160181123,39.454159451189874,3492.907
B0007,24,0.9350997575970688,1.8701995151941375,3.552385161941813,0.2889462158169305,1.7370300333706354,4.1966416719103465,2.459611638539711,-1.9364196896718646,0.3206741208080144,5.884317378614939,32.6259575682613,31.737001978644926,39.64174827400944,3511.594
B0007,25,0.9353357681400492,1.8706715362800983,3.5707670304281067,0.2511922734746918,2.0506492642329937,4.1971302559922,2.1464809917592067,-1.9675984733558025,0.2067322023705141,9.433801438916975,87.00152146525174,31.51707667966367,38.86906912217273,3431.937000000006
B0007,26,0.9298062322010084,1.8596124644020169,3.5657224847439295,0.2679721094267324,1.8254369744762284,4.19652461108806,2.371087636611832,-1.9680130544442065,0.20657881093433822,9.433675596312487,87.00002764337538,31.442860781038384,39.11839966443177,3431.125
B0007,27,0.930016954859173,1.860033909718346,3.5712835067487094,0.24613642238982758,2.134879000684994,4.196790308710931,2.0619113080259366,-1.9675572757550353,0.20736445048718527,9.406927995185171,86.49739558329632,31.32326275303232,38.68010761281634,3412.406
B0007,28,0.9295826554580384,1.8591653109160768,3.5679716274891398,0.25708647441380517,1.970455493406623,4.196693048697735,2.2262375552911124,-1.967618505240168,0.2071378770938514,9.407289082886214,86.50213044301414,31.28571570579735,38.863045678198645,3410.688
B0007,29,0.9240699089389144,1.8481398178778288,3.5646314038791784,0.26957680559456787,1.813269430976001,4.197078923354,2.383809492377999,-1.9678214300979182,0.2071231422713658,9.407156001833242,86.5002209412781,31.331850868998007,39.14531169811219,3410.718
B0007,30,0.924600851063082,1.849201702126164,3.568983888921194,0.25170216607752616,2.0483657324095637,4.196062203382386,2.1476964709728223,-1.9675056354779954,0.20762918561060126,9.38062510460562,86.00126057224058,31.32285733932258,38.8380564174779,3392.719
B0007,31,0.9417338718975424,1.8834677437950849,3.564620688944316,0.24268377174702066,2.181560983985832,4.206531081984383,2.0249700979985508,-1.9683447778186904,0.20548929807832753,9.473422670556051,87.75092701675516,31.608436452122476,38.95965174080089,3470.672
B0007,32,0.9314105558952922,1.8628211117905844,3.5694388142217837,0.23937087020268963,2.1177799354077496,4.203187727641822,2.0854077922340726,-1.9788067754387157,0.1471886530888167,13.39546246845868,177.46107129668815,31.782101501165204,39.053875772291974,3414.109
B0007,33,0.926042519826176,1.852085039652352,3.568742147335628,0.23644855810150356,2.1637448793153697,4.202997027311235,2.039252147995865,-1.9785908218423578,0.1473204032726917,13.35848647982117,176.46817478265555,31.51504198920288,38.699551697978606,3395.219
B0007,34,0.9234752324104354,1.8469504648208708,3.5642424070467817,0.2439008718473348,2.0456561472058055,4.2027504558714135,2.157094308665608,-1.9784335668087778,0.14746473891250106,13.339815476479943,175.969180742986,31.13866351339678,38.6052414906155,3386.0
B0007,35,0.918414215584509,1.836828431169018,3.5653038098527605,0.2383837306614852,2.1356202266992863,4.202665067816707,2.0670448411174203,-1.9781601679702336,0.14798217514006307,13.30236116135086,174.97076699522637,31.068710515588776,38.42604747702835,3368.187
B0007,36,0.9185809809836138,1.8371619619672277,3.565432167703823,0.2439410248996283,2.042987153745025,4.20243913428064,2.159451980535615,-1.9783765899690637,0.1478962003317654,13.30241803441934,174.9732343770228,31.618244836823447,39.0468968949422,3368.266
B0007,37,0.9158361291859428,1.8316722583718856,3.5622303163451425,0.24871758118173848,1.978616239411895,4.202794567899269,2.224178328487374,-1.9780771457931066,0.14827886770835783,13.283433612292464,174.46850736555731,31.331528063668397,38.83676495861389,3358.719
B0007,38,0.9105735475658892,1.8211470951317783,3.564481026852489,0.2372707723605399,2.15845357648832,4.203135326288817,2.044681749800497,-1.9780971417908424,0.14864545502326573,13.246396484946667,173.48010437800932,31.132569191182146,38.49981470604549,3339.5
B0007,39,0.9082530457557575,1.816506091511515,3.561614556780574,0.24155038848954158,2.092603698932653,4.202837061508687,2.1102333625760337,-1.977978349880126,0.14875595211669998,13.22755866104231,172.9811839236902,30.972969676157927,38.582340147970775,3331.265
B0007,40,0.9056907800752279,1.8113815601504557,3.5630587459190144,0.2380948022640211,2.1528886431678034,4.202745735932991,2.049857092765188,-1.9784334957218421,0.14890550467656513,13.208114706140766,172.47285467046308,31.1990648511682,38.787499833494046,3321.188
B0007,41,0.9058028166969792,1.8116056333939583,3.5629534367704405,0.2446154013486785,2.0537418826405966,4.203198796599359,2.1494569139587627,-1.9782873833989176,0.1490949460650594,13.208165365025009,172.47257090923662,31.722267598269813,39.31221126031847,3321.844
B0007,42,0.9030274477778703,1.8060548955557405,3.563446012076242,0.24327262666495886,2.0793300586339956,4.202901668731174,2.1235716100971787,-1.9781961432676647,0.14917678730582615,13.189125793932238,171.9719219691531,31.900827580605675,39.40567993360536,3311.828
B0007,43,0.9066020913497028,1.8132041826994056,3.563998342345823,0.25398073103714824,2.0759793304520757,4.196154302326916,2.1201749718748406,-1.9670969462670498,0.2096492212121144,9.300500314839523,84.50347548168452,31.5372402498617,39.32802757827611,3327.391
B0007,44,0.9031320969141768,1.8062641938283537,3.5604902283110547,0.24563949813557268,2.0674349483094465,4.2044772244864275,2.137042276176981,-1.978121464370373,0.14917033885171013,13.18873432576199,171.9641124999097,31.24662583059252,38.6112528181758,3312.078
B0007,45,0.8979155124950229,1.7958310249900458,3.5567002097886946,0.2475333619682181,2.037264031192436,4.20211656315423,2.164852531961794,-1.9780364457328714,0.14964116586615347,13.15133343460386,170.97380612917257,30.939399361884792,38.569726951286874,3293.172
B0007,46,0.8929426300195226,1.7858852600390451,3.558412726344602,0.24006724537779825,2.1632674190148338,4.202901194454151,2.0396337754393175,-1.977935781469453,0.1501893746794115,13.113342885790034,169.975269748231,30.884857004354572,38.34572083526661,3275.328
B0007,47,0.8901634302251376,1.780326860450275,3.556136820956992,0.2438820490043019,2.106631526845483,4.201790697233378,2.0951591703878947,-1.9780170042003,0.15013792165883974,13.094352120566088,169.47686790047794,30.920682316695828,38.48254063494672,3265.016
B0007,48,0.9075378449787788,1.8150756899575575,3.568999942180493,0.23813328081442836,2.1809272860788376,4.191916354433964,2.0109890683551264,-1.9779140108313502,0.14881074551152107,13.226958259816866,172.97042455901325,33.880577817079796,41.0499421893331,3328.937
B0007,49,0.907851257742292,1.815702515484584,3.571059290544873,0.23819384516409414,2.1773498094527195,4.20342192245769,2.026072113004971,-1.978162017642311,0.14879195778388637,13.226888603441111,172.9691507362477,33.038339318294426,40.361944885615415,3329.266
B0007,50,0.9001216089028335,1.800243217805667,3.5666921284622095,0.23794253941668367,2.180136101967249,4.202807443974011,2.0226713420067624,-1.9779553399945098,0.14944393853074253,13.170678973091343,171.47991303300523,32.27329169539202,39.6676965288026,3301.579
B0007,51,0.8952238102804654,1.7904476205609308,3.563327431073248,0.24139899859823627,2.1286295199076855,4.203276539809248,2.0746470199015623,-1.9779914337720734,0.14982717580366314,13.132331254299158,170.47427562224175,31.937919783481355,39.481181404811096,3283.563
B0007,52,0.890171516150066,1.780343032300132,3.5590146214829015,0.24311872055137512,2.155901281560187,4.202580870413733,2.0466795888535465,-1.9721889844228178,0.18347784052311344,10.660872815357306,111.66180696373718,31.688686599521045,39.4190511430692,3275.125
B0007,53,0.887664384798406,1.775328769596812,3.5566945836342914,0.2491532035391863,2.067103728219671,4.203244171517053,2.1361404432973816,-1.9723254573804139,0.1836831047356386,10.645279523386415,111.32899813243405,31.779120691032947,39.72196117128354,3265.656
B0007,54,0.8851314867366425,1.770262973473285,3.555013984911923,0.25168558375257616,2.0619831864543094,4.202697222668131,2.1407140362138213,-1.9668382736785281,0.21183042025640444,9.178827829514336,82.25459581658899,32.133873372089305,40.041366724781085,3266.093
B0007,55,0.880040530927102,1.760081061854204,3.5526373754067415,0.24879749783017188,2.143037413381466,4.202581421564202,2.0595440081827356,-1.960929600351624,0.23695032099061022,8.161343408102532,64.61005838956241,31.889431533099835,39.66314441864834,3257.594
B0007,56,0.8748237967688445,1.749647593537689,3.547186025484395,0.25950895046183814,1.992905798820928,4.201275185814673,2.208369386993745,-1.9607588424014128,0.2372447833872407,8.149061793397795,64.40976071832047,31.81736328028127,39.84751541049116,3248.593
B0007,57,0.8748250375296555,1.749650075059311,3.546814755244375,0.25704256782134943,2.0335961968180234,4.202508747096239,2.1689125502782156,-1.9607439129501683,0.23759808952760889,8.136763025684928,64.20964227275181,31.72316205746117,39.74335777163101,3238.766
B0007,58,0.8725143696073415,1.745028739214683,3.5447850172972655,0.25941425659281675,2.0213017345171265,4.202333230196108,2.1810314956789814,-1.9550964299704845,0.2599396573864495,7.394608654532952,52.681759945969496,31.957150654392294,40.07246786936068,3240.14
B0007,59,0.8698228727643365,1.739645745528673,3.5465215420964156,0.25636845250413015,2.0789964919635966,4.202490707154508,2.1234942151909117,-1.955058998571939,0.26015270676704666,7.383292673506821,52.514766798606544,32.29917704213345,40.247716114003914,3230.109
B0007,60,0.8642821138858982,1.7285642277717963,3.540832547654255,0.26418134804828086,1.9925354808829656,4.202290557382721,2.2097550764997553,-1.9491545130405277,0.28033103152687044,6.804629847292047,44.304264183667215,32.128842946565555,40.27220819224188,3229.7810000000027
B0007,61,0.861950162294209,1.723900324588418,3.5429925113583938,0.25470751708425077,2.14041602578448,4.20313824854604,2.06272222276156,-1.9485230174751031,0.2814335775032654,6.7818643504380525,44.003148627448915,32.021134355757404,39.89848456781458,3212.469
B0007,62,0.8569894388242596,1.7139788776485192,3.5360811169860216,0.2652812359094406,2.006753861515003,4.202703239422359,2.195949377907356,-1.9431227050969841,0.30033326334108135,6.316295300928735,37.89677356268838,31.859048861486652,40.0571305311587,3213.219
B0007,63,0.8569850998502306,1.7139701997004613,3.5392436935272635,0.25734393700290453,2.121868132176415,4.202907102508285,2.0810389703318704,-1.9430080085541772,0.3007553365017744,6.306189660898719,37.77018756453201,32.16100333536097,40.240711749549135,3203.578
B0007,64,0.8518260586819383,1.7036521173638766,3.5348237062932575,0.26659502974351257,2.0119648758828452,4.201457080806326,2.1894922049234804,-1.9425165961920092,0.30141637636855023,6.2965209608344725,37.647197951559654,32.10276048728767,40.12941739090177,3195.125
B0007,65,0.8520068737191243,1.7040137474382486,3.5366477402090606,0.26204032366782204,2.0744390946376323,4.204304103661928,2.129865009024296,-1.9370190075205085,0.3190762556693421,5.90877382369028,32.91450958668554,32.33880662180898,40.3959693732437,3195.312999999994
B0007,66,0.8467858078671516,1.6935716157343033,3.5352062840980913,0.2558244000787878,2.188793384556236,4.20220228055958,2.0134088960033436,-1.9310192096578356,0.3363260807470921,5.57034279161354,29.02934713714218,32.21373014824893,40.18751058333668,3186.297
B0007,67,0.8438288681938828,1.6876577363877656,3.5329852237553396,0.25744788349136644,2.1739523632140685,4.202001482736379,2.0280491195223105,-1.9304738354803441,0.3366013359882929,5.561368163258634,28.92942216368358,32.09949526722965,40.14605167557969,3176.438
B0007,68,0.8415372178291576,1.6830744356583152,3.532158560934324,0.25781488393120927,2.1783847786257136,4.202600613133091,2.0242158345073777,-1.9305510314753316,0.3372949098270869,5.552387641696859,28.829624328669166,32.11305439113157,40.18846095484838,3167.593
B0007,69,0.8389635071012741,1.6779270142025482,3.5308376380023527,0.25773287224800207,2.191481814157953,4.202328519159183,2.0108467050012298,-1.9247195409983122,0.3531878150067829,5.2687386054787755,25.760100951369953,32.20371989479744,40.2789498830108,3167.719
B0007,70,0.8366030137983086,1.6732060275966172,3.5296958440720005,0.2594183580173002,2.1753473356526807,4.202855889678493,2.0275085540258124,-1.9245739020356052,0.35359349377092486,5.260105803002181,25.669300746106302,32.23340825772458,40.310727434969614,3159.077999999994
B0007,71,0.8337183604126994,1.6674367208253988,3.5281819372126093,0.2594130837316265,2.1832922624558813,4.202212609390717,2.0189203469348356,-1.9243785304854075,0.35422510059448054,5.251450072850557,25.578322305448605,32.212169716369466,40.31733812871393,3148.829
B0007,72,0.8311331315333763,1.6622662630667526,3.5265730179666974,0.2593373861312046,2.192864020990023,4.202335745153063,2.00947172416304,-1.918402879916178,0.369401148866462,5.003579463323435,23.036261238129377,32.21746401954224,40.332563430145015,3149.094
B0007,73,0.8287121532881532,1.6574243065763063,3.5245022548553444,0.26218406249261184,2.156097212664392,4.201997273379946,2.045900060715554,-1.9181664471622712,0.3698538690530879,4.99526270669396,22.953086105752778,32.23410177209762,40.431258866851486,3140.547
B0007,74,0.826269342464367,1.652538684928734,3.5228548406546385,0.2637441486236623,2.138540138129487,4.201599523927098,2.063059385797611,-1.9180994998619483,0.37027593992202107,4.986898121730202,22.869708868850974,32.228343983674435,40.46247985933005,3131.625
B0007,75,0.8236087313786661,1.6472174627573322,3.5222829121237855,0.26261111650770874,2.1646493163558524,4.20196227209543,2.0373129557395773,-1.9179522150901993,0.3709984588979337,4.978569965441411,22.78665945556844,32.1833106060944,40.40103455658551,3121.907
B0007,76,0.8182068405449036,1.6364136810898071,3.5189923820688493,0.2661987865007531,2.1187211383693167,4.202045571197949,2.0833244328286327,-1.9116539768893375,0.38559264697879414,4.759736162995497,20.655468132722678,32.17200142078129,40.4426971996319,3122.125
B0007,77,0.8181277156024248,1.6362554312048496,3.5177844279570794,0.26640245561413023,2.1377868706438155,4.204697039833386,2.0669101691895704,-1.9115865510736891,0.38565780532465327,4.7597307431241545,20.655419111929074,32.03316223587618,40.26214977673693,3121.672
B0007,78,0.820559589609192,1.641119179218384,3.5212226057273495,0.26786574725596746,2.103155697792567,4.203964293328523,2.1008085955359563,-1.9176487188202131,0.3708855111540938,4.978587947777072,22.786749800398233,32.506671891788216,40.64566836195685,3120.86
B0007,79,0.8157850394828483,1.6315700789656966,3.5172227884430147,0.26291550609714426,2.186737546753024,4.201985395805308,2.015247849052284,-1.9111337702474194,0.3865707488508325,4.743556579281721,20.50174452223905,31.961039485620926,39.95209030011925,3103.828
B0007,80,0.810606641493618,1.621213282987236,3.5125010864221813,0.2688270257981476,2.1007747911593695,4.20178017149305,2.101005380333681,-1.9108556098369367,0.3870444432480512,4.735471162986672,20.42508501657403,31.798082670491866,40.165034583244065,3095.094
B0007,81,0.8082136607381061,1.6164273214762122,3.5129614635074673,0.2659023325126567,2.1417010068719846,4.202220537976551,2.0605195311045663,-1.9049762303506044,0.4011254995330948,4.540328222248784,18.615037004146696,31.95802833708937,40.36674175781141,3095.781
B0007,82,0.8079117550809605,1.615823510161921,3.5125204100391962,0.26965319982241676,2.0912297625621297,4.2013887453306085,2.110158982768479,-1.9051068520548522,0.40118607652589733,4.540345862731773,18.615134604606542,32.41813169746276,40.88269125311642,3094.328
B0007,83,0.808362090148945,1.61672418029789,3.5151454557578807,0.26499594992300185,2.1663009505205935,4.201620573144587,2.0353196226239936,-1.9049079394753692,0.40172036302068437,4.532482032691213,18.54383682383029,32.64044972789331,40.85633220225456,3086.531
B0007,84,0.8054327931865013,1.6108655863730026,3.5134431794731813,0.26428564911416735,2.1843637809529235,4.201668680267049,2.017304899314125,-1.898761620917719,0.4151954454598399,4.356628202316575,16.980566013735046,32.56399373078006,40.778024611598504,3085.625
B0007,85,0.8003301687154688,1.6006603374309376,3.5097089402574535,0.2699888830802118,2.113995772639173,4.202567159315787,2.0885713866766142,-1.90433828068926,0.4030003664255134,4.516758008906883,18.401443805304403,32.28305350922276,40.5829305350897,3067.203
B0007,86,0.7979587243502833,1.5959174487005665,3.5042771471756997,0.276362889207048,2.0287779476202195,4.201472345711643,2.1726943980914237,-1.904192698545851,0.4037206884803756,4.508859294599379,18.33014019874609,32.06065237439007,40.6345689985191,3058.157
B0007,87,0.7981089759731121,1.5962179519462243,3.509207943122176,0.2644399053502661,2.1948906641943635,4.201332830124454,2.006442165930091,-1.8982712229514884,0.4169784929608593,4.333692406859217,16.781153825253188,32.365261126964526,40.75070125010339,3058.812
B0007,88,0.7979032557316986,1.5958065114633972,3.5095064920492853,0.2669199043283192,2.1621122251410005,4.201522880341636,2.0394106552006352,-1.8977934870545978,0.4171326231479289,4.333684669245198,16.78113443517392,32.68851871366292,41.0672419235651,3058.578
B0007,89,0.7953253910740352,1.5906507821480704,3.505203266169396,0.27822874636079686,2.0092802451741245,4.201386492450036,2.192106247275911,-1.9036436467205253,0.4043488728701554,4.5009549994955735,18.25890907047925,32.747733642524246,41.40590880756584,3049.328
B0007,90,0.8444105580927753,1.6888211161855506,3.5281182345919753,0.27456832511393653,2.144268362237989,4.2333254357000865,2.0890570734620977,-1.9369923426487148,0.32005599690063535,5.889967197024595,32.69252892582156,32.50500516961017,41.01558674901627,3177.219
B0007,91,0.8129969139866602,1.6259938279733204,3.519590928396835,0.2709594689381032,2.0962813773920193,4.203917718634026,2.1076363412420065,-1.9233409193548265,0.3578714137117537,5.1905905817913975,24.942783161707293,32.91993878980996,41.31851435911838,3082.937
B0007,92,0.8078716931406449,1.6157433862812898,3.5146260368096875,0.27527818530823556,2.0376560852489356,4.202046403451837,2.164390318202902,-1.9168842193561364,0.37356738954803365,4.936629622417252,22.370867380596547,32.948305858317944,41.4002950560853,3074.266
B0007,93,0.8028313382423269,1.6056626764846538,3.5115494818370454,0.2742765846996205,2.050265845971926,4.201592874087554,2.1513270281156283,-1.910472150518363,0.3890050338739006,4.711071487338846,20.194596226281025,32.76906651915661,41.2508092329952,3066.0
B0007,94,0.7974873460762174,1.5949746921524348,3.510769869032659,0.268135375122442,2.1421639870693685,4.201214370586727,2.0590503835173584,-1.904277326283454,0.4035804639484424,4.508853767847571,18.330079995603544,32.59734424608833,40.95362783962595,3056.437
B0007,95,0.7952051219435972,1.5904102438871943,3.50804494279531,0.27185373111158595,2.093098662464846,4.201660608337926,2.10856194587308,-1.904002494100001,0.404096881065216,4.500949680617561,18.258862822768812,32.52349894408369,40.989022190981714,3048.219
B0007,96,0.7926758531494089,1.5853517062988178,3.507748080950393,0.2709271196950078,2.109503853325003,4.201750207865124,2.092246354540121,-1.9036546380501311,0.4049841353119342,4.492957733547017,18.187197823104345,32.578228834731775,41.02622774121347,3039.218
B0007,97,0.7899868573621188,1.5799737147242376,3.5066673521067266,0.2696597843353944,2.1295447836320704,4.201226117420626,2.071681333788556,-1.8977146678452774,0.4183923310345627,4.318287870042576,16.64797794782819,32.62728298499839,41.01371342582121,3039.047
B0007,98,0.7876092732639034,1.5752185465278068,3.5061843921745397,0.2695403153910377,2.138556110583413,4.201796973837129,2.063240863253716,-1.8973347377958825,0.41888498116899214,4.310601840199874,16.581593476048663,32.652115712561326,41.04923314430273,3030.375
B0007,99,0.784899242324434,1.569798484648868,3.5051004339266254,0.26935750816046017,2.1437793669909317,4.201200470517945,2.057421103527013,-1.8970045774163773,0.41949830197303306,4.3028682385096255,16.51504334117525,32.64767456395258,41.05277512550887,3021.0
B0007,100,0.7851282687975178,1.5702565375950357,3.5054479186890566,0.26588697295785546,2.199196544880164,4.201289094579205,2.002092549699041,-1.8909127399289274,0.43254745405901385,4.1444610553128145,15.176907826889451,32.6993879231031,41.02092182377061,3021.75
B0007,101,0.782624936954719,1.565249873909438,3.500074246846,0.2785316768740694,2.025290101499043,4.201033482375415,2.175743380876372,-1.89687892991989,0.4200305221644981,4.295133899686568,16.4485163856607,32.724576765133094,41.34840278359994,3012.265
B0007,102,0.7798169667805736,1.559633933561147,3.5011647157526498,0.27387180614210904,2.0874226328484515,4.201482697501314,2.1140600646528624,-1.8964710309338209,0.4205326571189624,4.287406877387344,16.382130310588618,32.70434030242972,41.23753665797544,3002.641
B0007,103,0.7824910266696052,1.5649820533392105,3.500407285435189,0.2731798189442516,2.0863200514042264,4.196165946742788,2.1098458953385615,-1.8967768141795405,0.42033804366846494,4.295161107455198,16.448672648764123,32.74051962267582,41.21700308433066,3012.0
B0007,104,0.787489749921135,1.57497949984227,3.507816455272743,0.27615748515568417,2.0588247910323827,4.205246397279064,2.146421606246681,-1.9031485600103595,0.40592532218255595,4.47708907226923,18.044768361586343,33.38712825139849,41.89753189273277,3020.11
B0007,105,0.7826405584390229,1.5652811168780458,3.5025243992110107,0.2798358907757274,2.007722684403967,4.201509838937999,2.1937871545340317,-1.9028574663381215,0.4072388254877474,4.461157612399442,17.90231537393696,33.270627344923426,41.90270996402953,3002.172000000006
B0007,106,0.779877748735063,1.559755497470126,3.505155823274424,0.2675806948659075,2.190682586389996,4.201909525379603,2.0112269389896067,-1.8963219640753084,0.4214000658767076,4.279613663283261,16.31545675608153,33.115074143665915,41.48233804274523,2992.703
B0007,107,0.7749488428352495,1.549897685670499,3.4983646475135717,0.2804620319343645,2.008435320437976,4.199865517000471,2.1914301965624947,-1.908430732943726,0.39550136822821474,4.620102119354521,19.347297385258376,32.90572814040102,41.641162265997195,2964.468
B0007,108,0.771938576567251,1.543877153134502,3.500140843862167,0.2693018983715614,2.164636064139996,4.2008597336564515,2.0362236695164553,-1.889754408573026,0.43510145288385754,4.114290105355768,14.927625976963458,32.953112654161664,41.433877603827945,2983.375
B0007,109,0.7725093744345036,1.5450187488690073,3.4990954701393697,0.2764390932673891,2.0647427536919833,4.20162098338246,2.1368782296904767,-1.8959167588975119,0.4226868979879755,4.264059430482737,16.18251394197315,33.2282109237263,41.8543569979417,2975.297
B0007,110,0.7722970077051454,1.5445940154102908,3.5010357611640615,0.2694893163513691,2.170172617792397,4.201149059944848,2.0309764421524514,-1.889387844169526,0.4361055797477761,4.106694219507054,14.865221452329031,33.361342590516294,41.78271326384125,2974.9850000000006
B0007,111,0.7671543360879438,1.5343086721758876,3.497212315865497,0.2729718122545618,2.120750718982474,4.200810741834928,2.080060022852454,-1.8889185963670394,0.43652920427860653,4.098884328871646,14.801797693946263,33.12431679486816,41.62744766181303,2966.25
B0007,112,0.7643801971479242,1.5287603942958483,3.496089957852059,0.2719151370068662,2.13627215665258,4.200373974181371,2.064101817528791,-1.8885071150010757,0.43696165726297986,4.091362436835851,14.739926527430043,32.991553593266204,41.552128441464966,2956.359
B0007,113,0.7644630124589922,1.5289260249179843,3.495877119417779,0.2749684652472219,2.0938572364769055,4.201791474587699,2.1079342381107935,-1.8888180820733198,0.43722713520470824,4.091495592915941,14.740623496331533,33.2318318845246,41.839167194182565,2956.344
B0007,114,0.7645458250665615,1.529091650133123,3.493116071455022,0.28221013092654507,1.9959465760122976,4.20067023466464,2.204723658652343,-1.8887930414931369,0.4372764552542936,4.091498435511467,14.740637128022847,33.5098123920945,42.23998716092915,2956.406
B0007,115,0.7619529662330624,1.5239059324661248,3.492655946458748,0.2794884310280014,2.0305769860653866,4.20021831736756,2.1696413313021736,-1.888168080257056,0.43784637646667,4.083833248169111,14.678075835530137,33.382402850667845,42.04090238497712,2947.266
B0007,116,0.7593337709550309,1.5186675419100617,3.49208824531703,0.27657576726917316,2.0758803797636745,4.200674971032527,2.124794591268852,-1.887904907597145,0.4386495735333659,4.076234468088503,14.615967807969614,33.17829959346276,41.803429062834496,2937.984
B0007,117,0.7568241133213476,1.5136482266426952,3.490216477408044,0.27627078565554974,2.0793549048242492,4.200371214024706,2.121016309200457,-1.88773036624322,0.43915131648727196,4.068591319757032,14.553700030566109,33.01591345323486,41.6886924602386,2929.125
B0007,118,0.7568025092614517,1.5136050185229033,3.4905931958620466,0.27791427319149475,2.0585109366080414,4.200965645223048,2.142454708615007,-1.887807716329411,0.4392100247997174,4.068582034813454,14.553641184145931,33.271000362987586,41.98817160118213,2928.454
B0007,119,0.7569735307433982,1.5139470614867965,3.4911419366203664,0.28034687245625955,2.0253107306977376,4.201492773602507,2.17618204290477,-1.887674933393443,0.43912747667926644,4.068590016964515,14.553699466071574,33.61966967517867,42.33252236723314,2929.375
B0007,120,0.7669799596579393,1.5339599193158786,3.49283645226053,0.2810963399437683,2.0069579017420067,4.192768207316796,2.185810305574789,-1.901022727285377,0.41084397708584314,4.412994176403929,17.474819985413678,33.29697162630193,41.63553796804361,2946.031
B0007,121,0.7695686399326549,1.5391372798653098,3.5025157522808223,0.2693863731712647,2.19792648712031,4.204602036514753,2.0066755493944433,-1.8951144121477894,0.4240019425196382,4.248303341081775,16.048845490493424,33.393130865360554,41.470498076928735,2955.438
B0007,122,0.7618123986419368,1.5236247972838737,3.492953565598811,0.2800473458588181,2.029941519657255,4.200995491738166,2.1710539720809114,-1.8941478117057606,0.42519518815454965,4.232774095981213,15.916638647278472,33.13820710362847,41.54038193238441,2937.625
B0007,123,0.7567906517794574,1.5135813035589147,3.4917462636517236,0.2739480815207627,2.117150391576778,4.201036137691208,2.08388574611443,-1.8875042014728927,0.4389657871114934,4.068602640078718,14.553757186008678,32.84069778843796,41.13947017697289,2929.078
B0007,124,0.7538925374923957,1.5077850749847914,3.490432264232957,0.27334671159184026,2.1309899052747716,4.200762329918291,2.0697724246435194,-1.8871434043422717,0.4397703529105269,4.060914510224472,14.491310171988804,32.75739655594484,41.09041922644824,2918.375
B0007,125,0.7515980338018666,1.5031960676037333,3.488861416967918,0.2733096704992953,2.1294318317485654,4.201013677167557,2.071581845418992,-1.8807630082774924,0.45263033446465406,3.9180832334792894,13.351607287073161,32.77234087259374,41.10034021580957,2919.812
B0007,126,0.748911029849794,1.497822059699588,3.4891932104785104,0.27158324847907117,2.164511453629433,4.200439147859412,2.035927694229979,-1.886419275237733,0.4410527693921791,4.045561198723773,14.366808208592499,32.720417557744895,41.03075447325996,2900.422
B0007,127,0.746424267316758,1.492848534633516,3.4878785713375917,0.2708081873411031,2.1743012710834013,4.200264786461796,2.0259635153783946,-1.8800039366336023,0.45401733962921653,3.9031077310844746,13.234460012622481,32.710022803073514,40.99688397371006,2901.375
B0007,128,0.746207194933513,1.492414389867026,3.486430546073901,0.2694220621143162,2.1928976284966537,4.200151660684939,2.007254032188285,-1.8733366537372407,0.46628315175158985,3.772020086745188,12.228304131220826,32.62076759783716,40.88481342461614,2901.187
B0007,129,0.7437413882690405,1.487482776538081,3.4812572775226682,0.2810450178149723,2.0298495899147295,4.200453152662228,2.1706035627474987,-1.879702248133121,0.45450949833224574,3.8955764943616105,13.17575324796352,32.576518262552014,41.09400879501426,2891.64
B0007,130,0.7412675743202055,1.482535148640411,3.4823550791204023,0.27618473675568306,2.0959492247836815,4.200291122451955,2.1043418976682737,-1.8790751470067302,0.45527109312858494,3.88804967859436,13.117149477775182,32.58396494906228,41.01377835587309,2882.906
B0007,131,0.7413937161114492,1.4827874322228984,3.4835074286280525,0.2706642376770264,2.177723491219515,4.199877643371451,2.022154152151936,-1.8728728303565043,0.46785169026162604,3.7573151601808936,12.117591413416585,32.623742674615976,40.90635248178393,2883.265
B0007,132,0.7384855898875295,1.476971179775059,3.478976541530706,0.27901477412156306,2.056251340337525,4.200436806124781,2.144185465787256,-1.8726786421400126,0.4675952089691564,3.7573139680727903,12.117625020402125,32.58599202496769,41.06596192416311,2882.969
B0007,133,0.7409507777068638,1.4819015554137276,3.483501191305966,0.271459803978156,2.1512510632923165,4.193077426787744,2.041826363495428,-1.872734820116884,0.466976735288397,3.764678777515058,12.1729805088887,32.864544723781215,40.84520330629611,2891.656
B0007,134,0.7490683099437412,1.4981366198874824,3.4899701994096612,0.272092139070062,2.169369907364203,4.203372086437543,2.0340021790733402,-1.8800362373714223,0.45404655206619104,3.9031108077264314,13.234456464204996,33.079651096902374,41.12807910254104,2901.25
B0007,135,0.7410387607196436,1.4820775214392872,3.484801138956006,0.27487138562116303,2.116759239247948,4.202065190134895,2.0853059508869465,-1.8730214281226414,0.46714695079315066,3.7646771108547132,12.172983253116707,32.932141650182686,41.094988453128494,2891.703
B0007,136,0.7385577656406076,1.4771155312812152,3.47835437960934,0.2823117509156759,2.009424225590032,4.200086642861885,2.190662417271853,-1.8725486136074456,0.46780854056224475,3.7573267346661425,12.117670273142808,32.755748003791545,41.11877573165318,2883.016
B0007,137,0.7360386391528244,1.4720772783056488,3.475694933923807,0.2825846583818946,2.0034792344341588,4.199758658258613,2.1962794238244543,-1.8724613181992062,0.468367838824259,3.74994871282963,12.062294921220266,32.52965474617847,40.980034990626955,2873.453
B0007,138,0.736124006828227,1.472248013656454,3.481431873453954,0.27076123781997086,2.172988732474185,4.199843161074874,2.026854428600689,-1.8659419458758726,0.48060585434657793,3.6292010333062166,11.171259183304608,32.848065199041,41.017509953482886,2874.031
B0007,139,0.7335053336137332,1.4670106672274663,3.4796060336232353,0.2764964955039442,2.087464676179042,4.200352076636086,2.1128874004570437,-1.865786095147701,0.4804228093904999,3.6292086204552025,11.171326532333707,33.072327061961936,41.299420742573055,2874.234
B0007,140,0.730883624766769,1.461767249533538,3.47822589673296,0.2751259546380272,2.110564313669325,4.200169604165679,2.0896052904963542,-1.8654605849037513,0.4811524107807584,3.621951185629921,11.118774607911805,32.85096451719535,41.105738037939375,2864.984
B0007,141,0.7283476335244854,1.4566952670489708,3.4743233868367187,0.2778258705992035,2.0724687293779813,4.199911577879335,2.1274428485013535,-1.865134613881632,0.4819500415986993,3.614730181951926,11.066448668874475,32.57230232995455,40.87704013237699,2855.093
B0007,142,0.725677486379478,1.451354972758956,3.4737305453330443,0.2739550454130649,2.1253826973270513,4.199564012073342,2.0741813147462906,-1.858515986418667,0.4934210728550705,3.502866620657191,10.270224851807823,32.450684441760906,40.730219862268235,2855.625
B0007,143,0.7258079631286875,1.451615926257375,3.474812723214051,0.27457093480420325,2.1147331324879475,4.199951033620322,2.0852179011323746,-1.8588972649148483,0.4936980368379071,3.5028582658802034,10.270200867902798,32.7394359440147,41.03226257370644,2855.594
B0007,144,0.7234080666086842,1.4468161332173683,3.476096426841386,0.27115793190115217,2.1738445330859366,4.19995987158867,2.0261153385027337,-1.8581969672334215,0.49444769472428574,3.4957606931813525,10.220501277396455,32.775898242252914,40.89527781087817,2847.437
B0007,145,0.7233785303884392,1.4467570607768785,3.4686822529487804,0.28373797928547234,1.9947266977360072,4.200414702164272,2.2056880044282647,-1.8581200056254086,0.49423269823837673,3.495762834565225,10.220501252610307,32.5817324044051,41.02491521192672,2847.36
B0007,146,0.7206898740723396,1.4413797481446793,3.4661964701943586,0.28266310578979587,2.0033802121225017,4.199552965128597,2.1961727530060955,-1.8577209868352302,0.4951232291378951,3.4886313215437115,10.170713495257788,32.35021153014993,40.815968345794715,2837.328
B0007,147,0.7181228126104089,1.4362456252208178,3.468183423895935,0.27448777109671585,2.116470909151213,4.199706970400125,2.0832360612489116,-1.8512458354075154,0.5063643101821768,3.384588150663155,9.455570529290192,32.28754240914786,40.65138669632271,2837.281
B0007,148,0.7184077076962414,1.4368154153924828,3.4678606629897453,0.2787790429635089,2.051877342511651,4.199300346769649,2.1474230042579974,-1.8514531972432,0.5063422319981459,3.3845695237588598,9.455476397134984,32.603239183227075,40.965385542419945,2838.515
B0007,149,0.7181472572930024,1.4362945145860049,3.4662499547181245,0.2828554929502132,2.003221375307111,4.200086391757318,2.196865016450207,-1.8574211435317929,0.4958212561554215,3.481498758314871,10.120994221646825,32.61208344144242,41.11319128215138,2828.328
B0007,150,0.7209287657939007,1.4418575315878015,3.462469269360201,0.2823498384072078,1.9865974995249176,4.189989265375979,2.203391765851061,-1.857823928669184,0.495128295757502,3.488639001593734,10.170748943800637,32.26742656599958,40.78738321989129,2838.265
B0007,151,0.7336031742390898,1.4672063484781797,3.480518309485383,0.2708729920104875,2.1908121182442706,4.202670619155847,2.0118585009115764,-1.8658259561850365,0.481338293402097,3.6219530727774907,11.118775531886449,32.637733704417855,40.73001188190229,2864.547
B0007,152,0.7259320183924441,1.4518640367848883,3.4723137993738336,0.28067453522207103,2.033261415031626,4.199186500777735,2.165925085746109,-1.8647784241320746,0.4824701485129329,3.607484382059169,11.014091892382508,32.665258715232376,40.990354594470126,2846.39
B0007,153,0.723568987637425,1.44713797527485,3.474362108592906,0.26998998098418464,2.19135439601875,4.199638763972608,2.0082843679538582,-1.8578958465335809,0.4952394542819387,3.4886493330208164,10.170823305528566,32.502652632323915,40.62521315513875,2837.969
B0007,154,0.7208952932811995,1.441790586562399,3.4722823212388754,0.27038243077626223,2.1840705012733683,4.200028390360542,2.0159578890871734,-1.8511947629213035,0.5064473876733177,3.384587167984193,9.455563569802978,32.446842086875606,40.58944296824891,2838.156
B0007,155,0.7158154739555554,1.431630947911111,3.4701761898320465,0.27153723595261936,2.1664368343684446,4.199347098159206,2.032910263790761,-1.8509042611451945,0.5071528769311283,3.3775845958438824,9.40822366554502,32.39361892904713,40.584393586876246,2829.843
B0007,156,0.7159042124836843,1.4318084249673686,3.4635011119445216,0.2837615614650409,1.987193667465448,4.199148920577739,2.211955253112291,-1.8508582746706244,0.5071501586119525,3.3775796031919794,9.408171636643432,32.417221778010834,40.884444140401214,2829.625
B0007,157,0.7131281292553434,1.4262562585106868,3.467453100453348,0.2738609968254639,2.1314172797434523,4.199648027535327,2.0682307477918744,-1.8504182940365097,0.5080447288031393,3.370559541396838,9.360829689751261,32.40094040453025,40.65159637790841,2819.437
B0007,158,0.7130438764462456,1.4260877528924911,3.4675864728547845,0.26996449680019863,2.188995882590831,4.1991931757384515,2.0101972931476206,-1.8436892876926974,0.5190085183536033,3.2734248973246745,8.715409156855804,32.36314241861482,40.53138082339522,2819.579
B0007,159,0.7106316755015847,1.4212633510031694,3.462182535852444,0.2806297602259418,2.0322464946417114,4.199053572226856,2.166807077585145,-1.8498733070449755,0.5087455951874704,3.3635314794343802,9.313505420547022,32.382600705235255,40.821433488540606,2810.672
B0007,160,0.7081636374397554,1.4163272748795108,3.465962999117945,0.2713369138330934,2.1695130053947387,4.199879744716988,2.030366739322249,-1.843287720729204,0.5197022937246866,3.266500178342654,8.670172835893387,32.4323818014572,40.643362943412974,2811.485
B0007,161,0.7082890914587997,1.4165781829175994,3.4601727514874407,0.28368201666912907,1.9917978280585305,4.1986801794397035,2.2068823513811733,-1.8494580225090995,0.5096143033077817,3.356486979213225,9.266138333426378,32.4886182994049,40.97063567014205,2802.422
B0007,162,0.7054200864712588,1.4108401729425175,3.464226115253961,0.2722666140208647,2.1534486462617073,4.199235005181635,2.045786358919928,-1.8426221358637018,0.5207691166271459,3.2595919463540515,8.62504570001071,32.524062377970175,40.74888323397497,2801.625
B0007,163,0.7054974814173902,1.4109949628347804,3.458799193390812,0.2820160660730706,2.0101572712330453,4.198950996279868,2.188793725046823,-1.8427098003104345,0.5204805895168696,3.259589418025542,8.625050152834513,32.482615965621896,40.93461596721165,2802.031
B0007,164,0.70308571451994,1.40617142903988,3.4620805499710854,0.27384344144244144,2.132718741006573,4.199393701075195,2.066674960068622,-1.842239518040086,0.5214152023843952,3.252655953240072,8.579883131260429,32.46389583182878,40.74175890345818,2793.39
B0007,165,0.7031679239846461,1.4063358479692922,3.4578782949034514,0.28194439535178584,2.0114763339798887,4.198994975977764,2.1875186419978756,-1.842252843487983,0.5214208870579174,3.2526412047810753,8.579833289812685,32.55681404542561,41.00964443691023,2793.39
B0007,166,0.7002276199533257,1.4004552399066514,3.461590937144894,0.2715863570528851,2.1610456063312298,4.198421699164089,2.0373760928328593,-1.8356063485512333,0.5320114278467215,3.161752574147797,7.996828013955536,32.576296430484255,40.80558697887537,2792.485
B0007,167,0.7108932523027577,1.4217865046055154,3.462906230864041,0.28210992553139796,2.0143553387267827,4.188887274283021,2.1745319355562387,-1.8561013515700384,0.4982417938705447,3.4600027063172982,9.97176170206361,32.81804879809979,40.92586026351328,2802.016
B0007,168,0.7162276360312717,1.4324552720625434,3.4753580425264796,0.2751974835408152,2.1732119934933296,4.2050716026539625,2.031859609160633,-1.8574370794605966,0.4967399727413084,3.4743277505233574,10.071163792028411,32.92941193334214,40.57390100608222,2820.39
B0018,1,0.9275022603955408,1.8550045207910817,3.5275462263272543,0.2359380947195542,2.4721608434600437,4.188195942647034,1.71603509918699,-1.9541761960216968,0.32800361075746903,5.798811635264595,31.626905664394343,31.773285281389256,38.10180309676608,3434.891
B0018,2,0.9215977658544994,1.8431955317089987,3.534835576186522,0.23822583660538213,2.4114381994148304,4.186703558364525,1.7752653589496945,-1.9474374301153292,0.34522628237249564,5.471625581999176,27.939382524169055,31.92489159472864,38.14987995994155,3425.485
B0018,3,0.9198009212177712,1.8396018424355425,3.5382465961594427,0.23762181874045554,2.394395968141027,4.188811210133346,1.7944152419923185,-1.9520511323479741,0.33139196286859035,5.7294894166535855,30.827671444955797,31.31691283374216,37.5266914843442,3410.375
B0018,4,0.9153368022481027,1.8306736044962053,3.537697945111872,0.2370215144318158,2.3999481734774424,4.188875360300162,1.7889271868227192,-1.9460914562122762,0.34840348066344007,5.413230518637204,27.30372158231491,30.821190751176527,37.06279237079503,3404.719
B0018,5,0.9163501034709828,1.8327002069419656,3.542667604586918,0.2397742289312896,2.3851461229395867,4.189908817357781,1.8047626944181947,-1.9412796601390512,0.36400534219725983,5.151105028785408,24.534345081745716,31.95346971511436,38.2110354381278,3417.641
B0018,6,0.9142644423023194,1.8285288846046388,3.545103733047733,0.24145172117228786,2.3716770708389117,4.190509582057232,1.8188325112183206,-1.9400338819083036,0.36548432652958296,5.126812861933234,24.284695325781822,32.02311236185272,38.17496505957075,3411.766
B0018,7,0.9106005947848962,1.8212011895697924,3.5475142438631493,0.23218501916583217,2.4964491577040793,4.1903241054041,1.6938749477000208,-1.9335667184847714,0.3814317094765696,4.879233918863661,21.807352598515074,31.634533158077694,37.64038685475582,3399.516
B0018,8,0.907585005321664,1.815170010643328,3.544812433691423,0.23629886387759838,2.4374506721131883,4.190302498850287,1.752851826737099,-1.9332161326561408,0.38303271697336577,4.8550597737809555,21.573993035911624,31.28819492159572,37.37602884738843,3388.75
B0018,9,0.9021490260483824,1.8042980520967649,3.5434780274164095,0.2371732047677659,2.4152206992194847,4.188517549229078,1.7732968500095936,-1.9325959489970461,0.3846816267374155,4.831774291673194,21.346485118746696,31.11122470608501,37.28928029078695,3380.406
B0018,10,0.9115501151422112,1.8231002302844224,3.543133206790044,0.24012979810787677,2.377432309524995,4.191794143442699,1.8143618339177041,-1.9387520938161948,0.3695916845920226,5.061457770477745,23.618852192419624,31.13166983979621,37.52377766578506,3404.141
B0018,11,0.9060626760127748,1.8121253520255496,3.545155146280937,0.23984417695745233,2.3887487262583647,4.190699409462101,1.8019506832037364,-1.9319248326301843,0.38574774156611524,4.815864858168633,21.192962413822404,31.51305775907457,37.72420412562674,3396.141
B0018,12,0.9023458191058884,1.8046916382117768,3.545032366549762,0.23671690983377966,2.432289857016922,4.1902633112754275,1.7579734542585057,-1.9249594896453863,0.40148847349954553,4.594972215227696,19.114182990396664,31.31102568785445,37.41366095304306,3384.094
B0018,13,0.8954221748931475,1.790844349786295,3.5440892170496827,0.2318704689357917,2.497495633221204,4.18970538556629,1.6922097523450859,-1.9179528942264992,0.41667220998458215,4.394662090451709,17.31333239908795,30.893964711700164,36.94724908852665,3370.656
B0018,14,0.891735361420963,1.783470722841926,3.541317108618481,0.2325114639731669,2.478768686108376,4.188354430914051,1.7095857448056746,-1.917373033348097,0.41834757983871346,4.371888923028819,17.113716567635347,30.540598970902945,36.707091312059944,3357.797
B0018,15,0.8904693062655351,1.7809386125310702,3.541197979542517,0.24021272223025195,2.385849407868021,4.193543208571066,1.8076938007030452,-1.9180652422275581,0.41914592935555084,4.364284778902968,17.047251994229292,30.82566018736547,37.13061214416645,3363.015
B0018,16,0.885604519836349,1.771209039672698,3.541255460524434,0.24144461874172093,2.372854084449551,4.190238041929225,1.8173839574796742,-1.9106033469326071,0.43401802048220867,4.181903385056732,15.48857101479669,31.451400678644536,37.686600065941576,3357.734
B0018,17,0.8843151998353538,1.7686303996707076,3.5427478949705886,0.2388839297914571,2.4086912736769084,4.19075698083662,1.782065707159712,-1.909404549449075,0.4351992725296185,4.166979094401785,15.363952327151857,31.518847747922937,37.633580732302406,3344.187
B0018,18,0.8768152400958562,1.7536304801917124,3.541251093602656,0.23244841634642943,2.496331992137246,4.189715378549557,1.6933833864123105,-1.8960567702455413,0.46155228798292747,3.8733683993947583,13.003195141267451,31.11237289077096,37.15252578645951,3339.969
B0018,19,0.8731098708207546,1.7462197416415093,3.5350260562177453,0.236738104856041,2.4199896352919668,4.187635645163932,1.7676460098719655,-1.8948411660605735,0.46362243413137183,3.851874504006405,12.837117077697062,30.586452588663985,36.78829001793698,3327.641
B0018,20,0.8688323668526868,1.7376647337053737,3.5326627624319777,0.2420506018685824,2.3587321881999297,4.191004692440202,1.8322725042402719,-1.90021436299665,0.4531739170037248,3.9627401728165634,13.703490184169166,30.242913021104116,36.541146197392216,3312.844
B0018,21,0.8657583367737918,1.7315166735475835,3.5333109441755526,0.23571365599408986,2.4458096660548825,4.1906972904216495,1.744887624366767,-1.8936767267608487,0.46690195047052757,3.8157756345545835,12.560349525501413,30.10270376338569,36.372087786130464,3302.031
B0018,22,0.8542974947235301,1.7085949894470602,3.52738705832889,0.23938537053798342,2.3808537751929744,4.185877977731026,1.805024202538052,-1.8739718829459886,0.5024658658127134,3.4675257486141353,10.023877657674172,30.251184852221932,36.52608510498833,3305.547
B0018,23,0.8557349785341055,1.711469957068211,3.5296025965720452,0.23625500977889216,2.436955746154759,4.188109147549676,1.7511534013949173,-1.8791764961687347,0.4935111882303174,3.5522368557740953,10.618533477449587,30.212407704391104,36.476252762052624,3289.562
B0018,24,0.8537510686636314,1.7075021373272627,3.5289707694229833,0.23438380743056175,2.4671365731790713,4.188302415854336,1.7211658426752647,-1.8780560689384003,0.49473168261758504,3.538201499770048,10.519022425910228,30.125011009636175,36.377208902376694,3283.797
B0018,25,0.8746191032180114,1.7492382064360228,3.5322741848919814,0.23896798551869872,2.4129371999368505,4.18962510592865,1.7766879059917997,-1.8993718818269214,0.4567200125973096,3.925554726879585,13.41020986675716,30.22428629982563,36.64000948247426,3325.235
B0018,26,0.8663848573714978,1.7327697147429957,3.532438322521663,0.24393574439533713,2.3497771039810256,4.190150750158746,1.8403736461777203,-1.8926958551018211,0.47055440112935504,3.77934331840154,12.283623593366105,30.976376254737342,37.38165499248184,3317.547
B0018,27,0.8611156664146188,1.7222313328292376,3.5363211310943603,0.23431450662672546,2.4904700018477026,4.189151018945234,1.698681017097531,-1.8783667048362822,0.49585265158542874,3.5311557389264823,10.469228034091419,31.415702913300986,37.59824760372582,3311.766
B0018,28,0.8559231494923645,1.711846298984729,3.533535274219931,0.2363769565295539,2.4650908929255406,4.189631312089484,1.7245404191639437,-1.870834339681941,0.5085963634369716,3.4124461983148775,9.644942883351607,31.383299841535273,37.560555155163414,3305.218
B0018,29,0.8496339175633435,1.699267835126687,3.527012841842043,0.2433529160106225,2.363133281953362,4.187690359657657,1.8245570777042954,-1.8696567234639716,0.5104585014739269,3.398543830372893,9.550230339255304,31.167937826253638,37.52114200586718,3295.453
B0018,30,0.8470183219621553,1.6940366439243106,3.52925730014011,0.23601704240940327,2.4790616361836206,4.190215357888677,1.7111537217050565,-1.8623726014599724,0.5227478974145737,3.2871846102807716,8.805708240474871,30.994690437264207,37.21887096740918,3287.0
B0018,31,0.8409513539384044,1.6819027078768087,3.527821497534469,0.23528435512899712,2.491905723274248,4.189776104976122,1.697870381701874,-1.8547843408980225,0.5352863944103575,3.182172965260894,8.126358173489686,31.055317978554886,37.33441415744885,3276.922
B0018,32,0.8384885309216843,1.6769770618433686,3.525692957415014,0.24004452342757915,2.4337177596826547,4.189846430994002,1.7561286713113469,-1.8538766950740675,0.536947140227542,3.1685780015092253,8.04001225865611,31.373945543706103,37.7331798444306,3268.687
B0018,33,0.8327614653239468,1.6655229306478936,3.5243962482347273,0.23947216358634976,2.4424506461535755,4.188109551881256,1.7456589057276806,-1.845735037450336,0.5490915965506679,3.069418692737804,7.421441995266671,31.56128410753226,37.84649344841882,3260.594
B0018,34,0.8285962287916042,1.6571924575832084,3.520797576383474,0.2393863063395726,2.4383419399858552,4.186368648390758,1.7480267084049026,-1.8382538558498933,0.5602053123990604,2.982009157049205,6.892491518835515,31.318474723902874,37.670164941661795,3258.812
B0018,35,0.8241120777647024,1.6482241555294048,3.519457281260753,0.24290739226961805,2.4157245398944123,4.1901657245031085,1.7744411846086963,-1.8435676915974055,0.5523858583153195,3.0423663490056567,7.256101677423576,31.104012325043946,37.53185198546868,3243.422
B0018,36,0.8193850748993631,1.6387701497987262,3.513165600287965,0.2505997920449218,2.323395712524894,4.189966178473989,1.8665704659490947,-1.83704467002657,0.5623536642493774,2.9667344123884836,6.8016173251516765,30.989730398009076,37.593333753421376,3236.515
B0018,37,0.8138243453631031,1.6276486907262062,3.517217159454334,0.23646371766168012,2.4985039496028567,4.188259618341401,1.689755668738544,-1.8211904293154166,0.5854202439037296,2.7940243685690587,5.8066709241942185,30.967851972472324,37.361410110678264,3230.734
B0018,38,0.81107685113626,1.62215370227252,3.5120091114107965,0.24844885716156306,2.350237238739749,4.1897400575765795,1.8395028188368303,-1.8270453339799269,0.5775148427624969,2.8527021865546076,6.138006197447146,31.285342046153826,37.899803246715464,3222.093
B0018,39,0.8070033255233793,1.6140066510467586,3.50911052654104,0.24916353461839444,2.3337740352348813,4.1862359225351335,1.8524618873002523,-1.8190521792509025,0.5883016026735612,2.7742915428426524,5.696780044122217,31.41096207271253,38.03149707759718,3220.344
B0018,40,0.8380258077212313,1.6760516154424625,3.516106699716392,0.25277801281033435,2.317647291087635,4.189625262426538,1.8719779713389029,-1.8693745969498121,0.5115312648072848,3.3873820881966714,9.474499462754897,30.755137125871208,37.42220155418978,3250.75
B0018,41,0.8246503212760995,1.649300642552199,3.519010068254593,0.23843671844136033,2.492394514304757,4.186586244011676,1.694191729706919,-1.839770443871628,0.5578305966902094,3.0013559071930427,7.008213079338487,30.977446633931525,37.32511174435206,3239.344
B0018,42,0.816191495929045,1.63238299185809,3.5124212742229295,0.24807896905848453,2.372828310153791,4.189366482043888,1.8165381718900973,-1.837963396328485,0.5605506174973947,2.980628518469849,6.884254460770181,30.800512192698992,37.31088262198154,3222.25
B0018,43,0.8082079859512888,1.6164159719025777,3.50815215295169,0.2491318368817265,2.3560703177076867,4.188553804618968,1.832483486911281,-1.829610957890379,0.5729052675059204,2.8874722871898504,6.33759220920777,30.616192795676138,37.23234655688736,3206.157
B0018,44,0.8054514189124689,1.6109028378249377,3.508648568515266,0.2416809977881533,2.4644431530094417,4.188764708195774,1.7243215551863322,-1.8210831511954937,0.5849188022567446,2.7988141915309313,5.83344805778348,30.399839302766903,36.94850857727268,3197.969
B0018,45,0.7977319346847828,1.5954638693695655,3.5051993439595477,0.24592770126573008,2.4195167274486726,4.188636968174337,1.7691202407256643,-1.8199201144788144,0.5868385117109035,2.7851938567343213,5.757374147742732,30.38386825126278,37.002663545357386,3181.625
B0018,46,0.863353720042882,1.726707440085764,3.523165280193865,0.25318729486331965,2.3422406504312434,4.188466199744378,1.846225549313135,-1.8951156248467713,0.46461712513467684,3.8423325979403065,12.764420674103434,30.576239500422748,36.71025442949399,3302.36
B0018,47,0.8582836958714876,1.7165673917429751,3.527269876472835,0.24733295181963347,2.3755467142668496,4.189570916346704,1.8140242020798545,-1.8867694858233446,0.4791257929311746,3.690452685377389,11.619627769059447,30.705906284556665,36.72807623650589,3285.812
B0018,48,0.8479117785467424,1.6958235570934848,3.526762654741574,0.24238345697843694,2.4146291375325917,4.189584987657955,1.7749558501253637,-1.8786631828974334,0.49407846014370227,3.5489152755643585,10.594973811826538,30.62583594950684,36.72959308355185,3260.016
B0018,49,0.8388891595396278,1.6777783190792557,3.5230201794761045,0.2436980584625848,2.3844645496129964,4.189371286385834,1.8049067367728373,-1.870474802329599,0.5082058740243448,3.4166070132819564,9.6733541916272,30.597357068657974,36.787462351640364,3240.031
B0018,50,0.8303293448887096,1.6606586897774192,3.519792345798265,0.24226706150778532,2.398646371281655,4.187606340824144,1.7889599695424887,-1.8562833971202242,0.5326432027762482,3.2036834156327334,8.263730589312809,30.528493896066262,36.75689163314213,3232.265
B0018,51,0.8332054637413733,1.6664109274827466,3.5251014582287223,0.2398135983120584,2.4557130111721626,4.188829347125095,1.7331163359529325,-1.8625354754370638,0.5221704114976312,3.292409077586036,8.840089604488758,31.203754246103966,37.350157630970955,3232.031
B0018,52,0.8234168087203902,1.6468336174407805,3.518519199837846,0.24939141066354564,2.323665882820083,4.189202115880737,1.865536233060654,-1.8606833274060013,0.5248684995787435,3.27077919019108,8.69813543925636,31.172639449335033,37.48126030855565,3209.5149999999994
B0018,53,0.8128819964389976,1.6257639928779952,3.5190801794284594,0.23690724186719364,2.488054079510012,4.186778882107656,1.6987248025976438,-1.8383636766891702,0.559510889405247,2.987152415254445,6.924285921005698,30.96825922704022,37.125443897626305,3196.125
B0018,54,0.8060788705937298,1.6121577411874597,3.5114167272902406,0.24918642757567697,2.3306937114568003,4.187888599491238,1.8571948880344378,-1.8436958588115397,0.5517155422065936,3.0506077116176367,7.306463118314227,30.821704306343126,37.19112571388883,3172.562
B0018,55,0.8028683411877672,1.6057366823755344,3.5108038681605738,0.24559837488593783,2.389399831578687,4.18915752014188,1.7997576885631927,-1.8362729789790888,0.5631945663434421,2.959756164156174,6.760276448236045,30.765219721637393,37.17642722353301,3172.735
B0018,56,0.8368226574399446,1.673645314879889,3.51432611790755,0.2428063484849185,2.4864200723178747,4.191289655270872,1.704869582952997,-1.864690278795044,0.5189834946907256,3.3206886971156924,9.027110930378674,30.809988428281613,37.11936678632194,3238.109
B0018,57,0.8202174286174968,1.6404348572349936,3.5196664048265607,0.24226929721478901,2.4673631110639858,4.190628233635541,1.7232651225715556,-1.8572649157581866,0.530901968692557,3.2197546541879776,8.36695330759927,31.039033590700278,37.2702464066457,3191.063
B0018,58,0.8066326658711038,1.6132653317422077,3.512403849382274,0.24876150712458972,2.375173080957567,4.189158279329032,1.8139851983714648,-1.8483454421357695,0.544955976023811,3.103518212482921,7.6319462736410735,31.04176453157222,37.39550861947664,3165.828
B0018,59,0.7960482162343139,1.5920964324686278,3.5077862234460104,0.24844054549141315,2.371626022111289,4.185868202467219,1.8142421803559303,-1.839168422289249,0.558982777511567,2.9935508432775157,6.961450291295842,30.959784195511766,37.378956702246384,3140.407
B0018,60,0.7933005910349412,1.5866011820698824,3.5076596102713244,0.24221243142965282,2.463955873060647,4.186906972044146,1.7229510989834993,-1.8303326102702338,0.5717503704578597,2.8963053794183695,6.388708741323589,30.843513277103145,37.245718322158105,3131.922
B0018,61,0.7900383245168126,1.580076649033625,3.5074833565874615,0.24283119916150958,2.475545296633258,4.189576283423886,1.714030986790628,-1.829290599843924,0.5735136933454928,2.88202277029851,6.306159223340144,30.797157400797865,37.21755583353321,3121.109
B0018,62,0.7820866476644583,1.5641732953289167,3.5023865933440717,0.2505308672928681,2.3791563087604626,4.189808713646982,1.8106524048865191,-1.8278449003095165,0.5753377250326289,2.8676786472114513,6.2236807959315446,30.984434580754094,37.56150979821064,3105.265
B0018,63,0.777809136096961,1.555618272193922,3.503693493885047,0.24339017954535835,2.4776158338943337,4.188889298039903,1.711273464145569,-1.8188198987741453,0.5879523768419997,2.775610102322788,5.704102244023995,30.96789927513994,37.4174791317661,3091.25
B0018,64,0.7701022639318698,1.5402045278637395,3.4989948462048113,0.24804744749268165,2.4205549690097223,4.188220838257245,1.767665869247523,-1.817194042260449,0.5899823940553199,2.7613197370143348,5.624975277515272,30.976616345195186,37.55101533655474,3076.703
B0018,65,0.7660806507979931,1.5321613015959863,3.495405576723954,0.24854315694839318,2.415388497112405,4.186454063976498,1.771065566864093,-1.8157980815469454,0.5920349096110298,2.7469525457712587,5.545840746483259,30.89768961926806,37.59895044072871,3062.328
B0018,66,0.7658116201846707,1.5316232403693415,3.494528300232307,0.2518026464746905,2.3974205597873093,4.1895672733133145,1.7921467135260052,-1.822108117298183,0.5832853420027148,2.809553251586509,5.893689754403416,30.81568822237933,37.48923978216981,3050.563
B0018,67,0.7611297975385989,1.5222595950771978,3.4962554827793926,0.24451613098918085,2.497752653580319,4.1892977641056035,1.6915451105252846,-1.8129628028687814,0.5964398762316433,2.718016470019586,5.387686350209208,30.726188079151118,37.37911114363861,3034.672
B0018,68,0.7532633563425642,1.5065267126851285,3.48769646191346,0.25310566427547665,2.3726090777895896,4.186793087812023,1.8141840100224336,-1.8044876731207795,0.6077218695085601,2.6380040770040245,4.959147668230736,30.768187126510046,37.559604168615785,3031.25
B0018,69,0.7507109778266463,1.5014219556532926,3.486547580844067,0.25472365053483964,2.36844257542991,4.188594535127793,1.820151959697883,-1.809986175960184,0.6005171816917169,2.6887748736840607,5.229585791742075,30.775415173787835,37.61805450748922,3011.343
B0018,70,0.7481767058743228,1.4963534117486457,3.482298183882304,0.2572563050741421,2.331968556073514,4.186295492358637,1.8543269362851227,-1.8090400456598725,0.6015346118668679,2.6814171959036393,5.190070159047412,30.761821976538275,37.71101994346608,3003.0
B0018,71,0.7667131000156211,1.5334262000312422,3.491819481711868,0.2528720400746576,2.4057755306304176,4.187384370589753,1.7816088399593357,-1.8273691233501441,0.5765261995920948,2.8610575880936717,6.186014615008377,30.913721930762733,37.767989299214086,3045.187
B0018,72,0.761922633757213,1.523845267514426,3.493995853241935,0.24836794799207226,2.4720838848798987,4.188929264481706,1.716845379601807,-1.8180385592622932,0.5895707990203048,2.7651969306514896,5.6463957674348375,31.228215653165606,37.91919394450186,3028.469
B0018,73,0.750596049713062,1.501192099426124,3.484377015629623,0.25683061770702087,2.342731326096539,4.1852697593324315,1.8425384332358927,-1.8085351614741645,0.6029133604760181,2.674040422987626,5.150560103238428,31.261679783387308,37.99328509003338,3012.937
B0018,74,0.7462088357251455,1.492417671450291,3.4859116793558376,0.25228758044597677,2.4198650452188226,4.18799771486628,1.7681326696474575,-1.8068041184926535,0.6047203809473584,2.659223198420317,5.071536259998034,31.18408593575448,37.984838024989045,2998.875
B0018,75,0.7416619259700615,1.483323851940123,3.4842787539766786,0.2513746279293885,2.438879997223475,4.187899339921793,1.7490193426983178,-1.8050190987020625,0.6069178832141436,2.644326685727613,4.992541920574466,31.001432353085377,37.8288851383529,2983.547
B0018,76,0.7403688396147098,1.4807376792294196,3.482988652120672,0.25328404675617033,2.430465824271706,4.1882916128809375,1.7578257886092317,-1.8118563821702207,0.5981252434394352,2.704952820012462,5.3168557970448695,30.981374033120872,37.844837975501,2966.86
B0018,77,0.7367538904951239,1.4735077809902477,3.483799876979844,0.24854025405225638,2.4907267597860656,4.187409532380725,1.6966827725946594,-1.8021525551783737,0.6115114596412922,2.6142978614142045,4.834625327916609,31.088687926688607,37.8984610468502,2954.797
B0018,78,0.734009642633305,1.46801928526661,3.4787540756450497,0.2586825720615871,2.3678328028644775,4.188656943531829,1.820824140667351,-1.8092953592546854,0.6015709818366892,2.682033197393353,5.193368497655763,31.336420133762665,38.27784043980244,2945.735
B0018,79,0.729046177855951,1.458092355711902,3.4752194351784507,0.25928028571553985,2.3532703553328904,4.188198669984733,1.834928314651843,-1.8000309691416814,0.6137236339762075,2.5991494700057456,4.755659243376583,31.225999871035654,38.24434303919528,2941.375
B0018,80,0.72393304944457,1.44786609888914,3.470739535801023,0.25826458177370376,2.362897904778893,4.184528192003684,1.8216302872247914,-1.7981302589297092,0.6158664083527366,2.5839250381205257,4.676757162079789,31.037323488688802,38.06956259266949,2923.953
B0018,81,0.7263904388770991,1.4527808777541982,3.474600910003521,0.25673839160569434,2.420200016704328,4.1927676322495895,1.7725676155452614,-1.8058248446047425,0.6059608523475356,2.6511604964216637,5.02873393437579,30.811349225731828,37.81744565252647,2921.031
B0018,82,0.7212678182246216,1.4425356364492432,3.4740521567700093,0.2518312779304581,2.472605886588914,4.187873640279204,1.7152677536902896,-1.795955865281378,0.6194837327474192,2.560917762447466,4.558384401137473,30.932223179746046,37.902567770354786,2902.75
B0018,83,0.7196356438601657,1.4392712877203313,3.475075728648004,0.251526215403128,2.483165462226557,4.1880559282136725,1.7048904659871154,-1.7951057003644757,0.6202550885933535,2.553222762934873,4.51900961430824,31.215527070380897,38.16628336469349,2897.875
B0018,84,0.7143237840944109,1.4286475681888218,3.472424307596416,0.2553873265325528,2.4341986830086237,4.188063095530185,1.7538644125215614,-1.7940097981352856,0.6219148875143559,2.5454798063605626,4.479542666607055,31.400797084337558,38.36789486715962,2892.094
B0018,85,0.7124513375002448,1.4249026750004896,3.471751102262539,0.25003502675471406,2.497859027600416,4.185913481526783,1.6880544539263673,-1.78415926316201,0.6336068636911543,2.4671945730382094,4.087108306683074,31.259213269721236,38.19823604401131,2886.921
B0018,86,0.7349057662262062,1.4698115324524124,3.4745407296058963,0.26008949007998805,2.3747408457948316,4.187259539606346,1.8125186938115148,-1.8136320536623207,0.5958586431455523,2.722438722130063,5.411756008341682,31.134701292957466,38.099982807571635,2942.531
B0018,87,0.7262909825525101,1.4525819651050202,3.471720060423485,0.26107470269964445,2.3589340839760866,4.187670932765983,1.8287368487898967,-1.810960446087532,0.5992123003543539,2.6986593687012626,5.2828383435437125,31.246879695988095,38.214523782841354,2912.469
B0018,88,0.721417099454397,1.442834198908794,3.4713984098288235,0.2549764345163562,2.4413266342198545,4.187836103953847,1.7465094697339927,-1.800802328247715,0.6128154420706069,2.6042131812835945,4.78198849837426,31.027558674438325,37.939696536164234,2895.594
B0018,89,0.7141880294039745,1.428376058807949,3.46264910889707,0.2644348065790667,2.311419659807122,4.18719517574786,1.8757755159407377,-1.798647877727257,0.6152244037239007,2.5883815337397413,4.699781527343112,30.931917385258963,38.06666733482501,2884.406
B0018,90,0.7077273922185358,1.4154547844370715,3.466072725920186,0.24999022482858319,2.4953159238201255,4.183339938829854,1.6880240150097285,-1.7804067367547436,0.6384555022191081,2.436325527759148,3.935738191860384,30.667082236656018,37.63260475617888,2873.766
B0018,91,0.727288335038854,1.454576670077708,3.4730670533412877,0.2575591248406608,2.4398479869382084,4.192209704853633,1.752361717915425,-1.8167125180994765,0.5918312151441141,2.7495677699131047,5.56022143848935,31.226789107710772,38.18223603956323,2893.375
B0018,92,0.7141589774137028,1.4283179548274056,3.4668548162926327,0.25997402118722357,2.376538319699514,4.1866224559264715,1.8100841362269575,-1.7981268087177564,0.616523463706281,2.580428484957616,4.6586762829627215,31.387733116648285,38.3907466519188,2884.9839999999967
B0018,93,0.7098513441602029,1.4197026883204058,3.46527367520258,0.2606232704196867,2.3722299202290382,4.186945959000922,1.8147160387718837,-1.7964439222994821,0.6189371240289149,2.5644566744287416,4.576517246846431,31.505666838292886,38.51622654624205,2870.234
B0018,94,0.7077803315153258,1.4155606630306516,3.4638878223448684,0.2619815198121017,2.361475505115684,4.1874400308161395,1.8259645257004555,-1.795371462470329,0.6199586104036519,2.556433661766646,4.535430628804434,31.5462258449116,38.56612180540248,2864.11
B0018,95,0.702840017709614,1.405680035419228,3.457807923440064,0.26437511063318014,2.317937855025735,4.1845980039811215,1.8666601489553867,-1.7937175263130196,0.622697047113403,2.5403117802573085,4.453267572790499,31.389977882297476,38.5606541602861,2846.64
B0018,96,0.7042230535583068,1.4084461071166137,3.459813554486507,0.2646124660594968,2.3372859753156225,4.186742025132256,1.8494560498166335,-1.8014517734888207,0.6120664216870488,2.6096949201668336,4.810577167991728,31.385433749863733,38.53842073636507,2839.532
B0018,97,0.6984273891436207,1.3968547782872414,3.458027727779737,0.2629951548407122,2.3528810264952194,4.1871520936423146,1.8342710671470952,-1.7915215753378781,0.6250407299756072,2.524091762537457,4.371125294759708,31.423707199142058,38.548873480234754,2832.703
B0018,98,0.6967835185720338,1.3935670371440676,3.4613996718507845,0.2549409261122887,2.4646122144537173,4.187096292904282,1.7224840784505644,-1.7816941240706174,0.6376654439726294,2.4428328757557107,3.9675123276012867,31.435368910968148,38.45838357496903,2827.077999999994
B0018,99,0.6946822146404737,1.3893644292809475,3.4611285476693214,0.25509708408787024,2.4684655225527004,4.187367312766795,1.7189017902140944,-1.7797379985412234,0.6402225139571769,2.426676050028326,3.888812695505396,31.542375291159843,38.54382874673793,2821.531
B0018,100,0.6892825707833355,1.378565141566671,3.455556822823358,0.25958504896839896,2.4092923539400735,4.18534593452204,1.7760535805819666,-1.7856528650965158,0.6326884615160128,2.474849654313973,4.124951260598961,31.52669677306915,38.650883957434026,2805.156
B0018,101,0.6924505550428735,1.384901110085747,3.459598362944341,0.2549386328393228,2.477625480372779,4.186646524222555,1.7090210438497757,-1.7784070647657095,0.641138761124272,2.4185622128005555,3.8494994422132196,31.435921914290375,38.45654834997334,2814.906
B0018,102,0.6851625907121222,1.3703251814242443,3.4506569891269216,0.26403237252573614,2.335608852853518,4.184730834033599,1.8491219811800805,-1.7778412667349817,0.642833515029382,2.4104124280323758,3.8101568145254854,31.475238112886494,38.6564130442344,2801.156
B0018,103,0.6866732192614541,1.3733464385229082,3.455515243082573,0.25753346472332,2.441999086782534,4.187175976285891,1.745176889503357,-1.7764462760420034,0.6441113795474609,2.4022389135450677,3.7708281180325427,31.5817445550721,38.655587491253975,2794.187
B0018,104,0.6839743642752407,1.3679487285504814,3.455840338587253,0.2560472901892914,2.465168783147216,4.186108406696249,1.7209396235490328,-1.7752748972563315,0.6454613276661517,2.394047775829215,3.731532448193467,31.647958536134297,38.6997087046862,2785.391
B0018,105,0.6783570543544823,1.3567141087089647,3.448678293668265,0.2619056461241545,2.370892032033162,4.183460397462309,1.8125683654291467,-1.7742013268724648,0.6466846597520868,2.3858264380644263,3.692247701513952,31.662032275252905,38.87481687744787,2779.5
B0018,106,0.7302155104597288,1.4604310209194575,3.4745031786447553,0.25626969110938724,2.461879783248223,4.187091541628412,1.7252117583801891,-1.8196650877007408,0.5878693389724974,2.7790018429531482,5.722947138281107,30.434500875864142,37.36397452607736,2899.234
B0018,107,0.7250499468552049,1.4500998937104097,3.474031881945217,0.2581396123951206,2.4247066368907255,4.18736921126964,1.7626625743789148,-1.8096836854216038,0.6016441539956098,2.6833845650003507,5.200754809896601,31.017997058077018,37.88258787662229,2894.922
B0018,108,0.7190703450912248,1.4381406901824496,3.4744042103867714,0.2560558945441953,2.444722297403138,4.187597633155394,1.742875335752256,-1.7993287687468955,0.6146655593877023,2.593209773707237,4.724805211460064,31.39483761465523,38.158980736604235,2888.25
B0018,109,0.7141840990482158,1.4283681980964316,3.4717670438332244,0.25752330438826654,2.443569395327192,4.187608979498198,1.7440395841710061,-1.7959419603883284,0.6188320217766714,2.5637241185858413,4.572762929602889,31.245118856406407,38.05243159675446,2873.906
B0018,110,0.7073937258776216,1.4147874517552432,3.4685305272975935,0.2544729699855063,2.4666000274194886,4.186194120124063,1.7195940927045745,-1.7956017209600372,0.6197305988329744,2.559928380369552,4.553306923097933,31.05306925187263,37.89096376444466,2847.406
B0018,111,0.706944581696591,1.413889163393182,3.4651213646662598,0.25922497389969,2.4272514813701016,4.186991375693876,1.7597398943237743,-1.7929541659933774,0.6231537508776085,2.5373755844514516,4.438349352552128,30.88589263299331,37.81203585126145,2849.281
B0018,112,0.6994665831088612,1.3989331662177225,3.4652879859475885,0.2534224673361877,2.4762628371779,4.185443351643291,1.7091805144653907,-1.784474211719448,0.6337843829348875,2.4665534880419417,4.083942654296731,31.053992379018933,37.9591954678784,2833.688
B0018,113,0.6976661292016988,1.3953322584033976,3.461799526154992,0.2629848095561964,2.3607989727330003,4.186308413669027,1.825509440936027,-1.793581043096934,0.623462474737998,2.5346671787278705,4.424651922669019,31.492840068071885,38.521043498835155,2826.453
B0018,114,0.6950230647701225,1.390046129540245,3.463260140320492,0.2619734430620895,2.377011586588198,4.187179397572641,1.810167810984443,-1.7920645354970144,0.6248397802525872,2.5262221249491503,4.3818767963546925,31.93832684630049,38.878687997701746,2818.312
B0018,115,0.6930135727104824,1.3860271454209647,3.462839429201602,0.2556416201337189,2.4567563196678455,4.1854460754417,1.7286897557738543,-1.7809541104468565,0.6378101640549725,2.441487730234782,3.9609294869584337,31.74562722135923,38.65118899876309,2812.7189999999973
B0018,116,0.6941076300968755,1.388215260193751,3.4569152237960306,0.2676082970326924,2.3277314025979847,4.193052368415502,1.8653209658175176,-1.7989851707207014,0.6150607583595225,2.589823299185552,4.707258777222271,31.31018499405759,38.434235278537344,2803.5
B0018,117,0.6880913281197248,1.3761826562394497,3.4574690175816127,0.2574394360571047,2.4537913827403948,4.186241953638429,1.7324505708980347,-1.7873231599598716,0.6298747207649471,2.4920866946940103,4.210560327580893,31.127360345471814,38.103875724329995,2783.25
B0018,118,0.6823584449320081,1.3647168898640163,3.4502191781217797,0.26493801889138324,2.3475608877759067,4.186011006323472,1.8384501185475655,-1.7861666392556754,0.6315209990588402,2.4834810853630094,4.167750233851406,30.985550813719595,38.12742842632319,2776.391
B0018,119,0.6794927369686792,1.3589854739373584,3.4486728051793962,0.2645712379606562,2.3558347560196564,4.18675624032869,1.8309214843090338,-1.7849995504167615,0.6324083126317878,2.474843013560511,4.124923400063953,30.899653280757406,38.03962943213698,2766.516
B0018,120,0.67311543820044,1.34623087640088,3.444632719716698,0.26235097271168484,2.3791102362944754,4.1831553230638425,1.8040450867693671,-1.7783310205058362,0.6409763052863645,2.422445687934969,3.868306361582648,30.706123644966482,37.85657903247749,2751.516
B0018,121,0.7134213909227322,1.4268427818454643,3.467272639213176,0.2597087050137913,2.444740635238248,4.191989955143364,1.7472493199051158,-1.809775952165901,0.6013127924655565,2.6842177052429124,5.205114318048501,30.47122187456595,37.43017193410286,2848.859
B0018,122,0.7032240741639832,1.4064481483279665,3.464490491162134,0.2578119687917207,2.431867772331712,4.185628679672912,1.7537609073412002,-1.7896694300229208,0.6274028594881518,2.5092078498903594,4.296188141479154,30.939221783021114,37.8264149292754,2840.016
B0018,123,0.6967453746037576,1.3934907492075153,3.459667012281024,0.2651470211515919,2.344037291947413,4.186834478731371,1.842797186783958,-1.7970097248124899,0.6177710945055984,2.572447010029897,4.6175679556284965,31.111640631561894,38.08307173716899,2817.375
B0018,124,0.6941246756124658,1.3882493512249316,3.462241956955771,0.2565546711445496,2.456436863057259,4.186613091061155,1.7301762280038964,-1.7861513769566684,0.6312740378102862,2.4834829237030243,4.167753634324708,31.037910219908994,37.88279649093536,2809.234
B0018,125,0.6850939169210464,1.3701878338420928,3.4555661695067355,0.2603308765642147,2.395547668334432,4.183907160253637,1.7883594919192047,-1.784162084841115,0.6340096391052586,2.4661897045914647,4.082167376551159,30.967950840538833,37.96027066990377,2791.187
B0018,126,0.689847583280431,1.379695166560862,3.458696199585801,0.25736224253020246,2.4536749172979215,4.18533882899107,1.7316639116931487,-1.7845257009241222,0.6341667224930295,2.4661850695999052,4.082142356007466,30.93996203578424,37.880513353762176,2794.016
B0018,127,0.6843293161967842,1.3686586323935683,3.4525282614097663,0.268153663797996,2.3062728144586413,4.185280284017658,1.8790074695590167,-1.7920667435100546,0.6251326880023259,2.5285518861328113,4.3937079349418875,31.295019295352862,38.43416278222213,2774.719
B0018,128,0.6813685889548219,1.3627371779096438,3.4552290080443044,0.26476393873193155,2.3471092023857154,4.186281579801858,1.8391723774161428,-1.782779873271704,0.6367021285636032,2.448780980959867,3.9965856267629656,31.81846533166901,38.847489737859576,2777.844
B0018,129,0.6817025566964036,1.3634051133928071,3.4619744219744675,0.2545420008137019,2.4884289104730986,4.185356132672309,1.6969272221992107,-1.7725212915953121,0.6488383119287078,2.373440711387682,3.6332920514575404,32.00067162597675,38.80283421497622,2781.125
B0018,130,0.6759323017652616,1.3518646035305233,3.452221905520614,0.25988652157311093,2.3992178234155577,4.181406543107895,1.782188719692337,-1.769870119236631,0.6514922165839537,2.356136760159449,3.5514490475961953,31.73992229230571,38.72699121838442,2760.906
B0018,131,0.6773984864826311,1.3547969729652622,3.447650049442191,0.27085690569915755,2.2786338886500292,4.185252405343103,1.906618516693074,-1.7884847819526568,0.6286723328477213,2.5018294608561367,4.2592126850895875,31.52613649688221,38.67191958148309,2753.25
B0018,132,0.6705257203202425,1.341051440640485,3.447928507599004,0.26405515941435304,2.3655846763383734,4.185763363191996,1.8201786868536227,-1.77774044867741,0.6422823524717661,2.413606573727952,3.8255569186383847,31.27624493654335,38.371813640118894,2742.843
